GPH_code,GPH_name,continent,wikidata,wikidata_alt1,wikidata_alt2,wikidata_alt3,Notes
2,United States of America,America,http://www.wikidata.org/entity/Q30,,,,
3,Alaska,America,http://www.wikidata.org/entity/Q797,,,,
4,Hawaii,America,http://www.wikidata.org/entity/Q782,,,,
5,Virgin Islands,America,,,,,
6,Puerto Rico,America,http://www.wikidata.org/entity/Q1183,,,,
7,Texas,America,http://www.wikidata.org/entity/Q1439,,,,
10,Greenland,America,http://www.wikidata.org/entity/Q223,,,,
11,Faeroe Is.,America,https://www.wikidata.org/wiki/Q4628,,,,
20,Canada,America,http://www.wikidata.org/entity/Q16,,,,
21,Newfoundland,America,http://www.wikidata.org/entity/Q2003,,,,
30,Bermuda,America,http://www.wikidata.org/entity/Q23635,,,,
31,Bahamas,America,http://www.wikidata.org/entity/Q778,,,,
40,Cuba,America,http://www.wikidata.org/entity/Q241,,,,
41,Haiti,America,http://www.wikidata.org/entity/Q790,,,,
42,Dominican Republic (Santo Domingo),America,https://www.wikidata.org/wiki/Q786,,,,
50,West Indies Federation,America,https://www.wikidata.org/wiki/Q652560,,,,
51,Jamaica,America,http://www.wikidata.org/entity/Q766,,,,
52,Trinidad and Tobago,America,http://www.wikidata.org/entity/Q754,,,,
53,Barbados,America,http://www.wikidata.org/entity/Q244,,,,
54,Dominica,America,http://www.wikidata.org/entity/Q784,,,,
55,Grenada,America,http://www.wikidata.org/entity/Q769,,,,
56,St. Lucia,America,http://www.wikidata.org/entity/Q760,,,,
57,St. Vincent and the Grenadines,America,http://www.wikidata.org/entity/Q757,,,,
58,Antigua and Barbuda,America,http://www.wikidata.org/entity/Q781,,,,
59,Montserrat,America,http://www.wikidata.org/entity/Q13353,,,,
60,St. Kitts-Nevis,America,https://www.wikidata.org/wiki/Q763,,,,
65,Guadeloupe,America,http://www.wikidata.org/entity/Q17012,,,,
66,Martinique,America,http://www.wikidata.org/entity/Q17054,,,,
68,Netherlands Antilles,America,http://www.wikidata.org/entity/Q25227,,,,
70,Mexico,America,http://www.wikidata.org/entity/Q96,,,,
80,Belize (British Honduras),America,https://www.wikidata.org/wiki/Q242,,,,
89,United States of Central America,America,http://www.wikidata.org/entity/Q190025,,,,
90,Guatemala,America,http://www.wikidata.org/entity/Q774,,,,
91,Honduras,America,http://www.wikidata.org/entity/Q783,,,,
92,El Salvador,America,http://www.wikidata.org/entity/Q792,,,,
93,Nicaragua,America,http://www.wikidata.org/entity/Q811,,,,
94,Costa Rica,America,http://www.wikidata.org/entity/Q800,,,,
95,Panama,America,http://www.wikidata.org/entity/Q804,,,,
96,Panama Canal Zone,America,http://www.wikidata.org/entity/Q498979,,,,
100,Colombia (Gran Colombia),America,https://www.wikidata.org/wiki/Q739,,,,
101,Venezuela,America,http://www.wikidata.org/entity/Q717,,,,
110,Guyana (Br. Guiana),America,https://www.wikidata.org/wiki/Q734,,,,
115,Surinam,America,http://www.wikidata.org/entity/Q730,,,,
120,French Guyana,America,https://www.wikidata.org/wiki/Q3769,,,,
130,Ecuador,America,http://www.wikidata.org/entity/Q736,,,,
135,Peru,America,http://www.wikidata.org/entity/Q419,,,,
136,Bolivia-Peru Confederation,America,https://www.wikidata.org/wiki/Q899706,,,,
140,Brazil,America,http://www.wikidata.org/entity/Q155,,,,
145,Bolivia,America,http://www.wikidata.org/entity/Q750,,,,
150,Paraguay,America,http://www.wikidata.org/entity/Q733,,,,
155,Chile,America,http://www.wikidata.org/entity/Q298,,,,
160,Argentina,America,http://www.wikidata.org/entity/Q414,,,,
165,Uruguay,America,http://www.wikidata.org/entity/Q77,,,,
200,United Kingdom,Europe,http://www.wikidata.org/entity/Q145,,,,
205,Ireland,Europe,http://www.wikidata.org/entity/Q27,,,,
210,Netherlands,Europe,http://www.wikidata.org/entity/Q55,,,,
211,Belgium,Europe,http://www.wikidata.org/entity/Q31,,,,
212,Luxemburg,Europe,http://www.wikidata.org/entity/Q32,,,,
220,France,Europe,http://www.wikidata.org/entity/Q142,,https://www.wikidata.org/wiki/Q899706,,
221,Monaco,Europe,http://www.wikidata.org/entity/Q235,,,,
223,Liechtenstein,Europe,http://www.wikidata.org/entity/Q347,,,,
225,Switzerland,Europe,http://www.wikidata.org/entity/Q39,,,,
230,Spain,Europe,http://www.wikidata.org/entity/Q29,,,,
231,Gibraltar,Europe,http://www.wikidata.org/entity/Q1410,,,,
232,Andorra,Europe,http://www.wikidata.org/entity/Q228,,,,
235,Portugal,Europe,http://www.wikidata.org/entity/Q45,,,,
239,Prussia,Europe,,,,,
240,Hanover,Europe,http://www.wikidata.org/entity/Q1715,,,,
241,Anhalt Dessau,Europe,Q278874,,,,
242,Anhalt Köthen,Europe,Q264970,,,,
243,Anhalt Bernburg,Europe,Q686965,,,,
244,Brunswick,Europe,https://www.wikidata.org/wiki/Q326029,,,,
245,Bavaria,Europe,http://www.wikidata.org/entity/Q980,,,,
246,Bremen,Europe,https://www.wikidata.org/wiki/Q1209,,,,
247,Frankfurt,Europe,http://www.wikidata.org/entity/Q1794,,,,
248,Hamburg,Europe,http://www.wikidata.org/entity/Q1055,,,,
249,Saxony Anhalt (Anhalt),Europe,,,,,
250,Hohenzollern Hechingen,Europe,Q673865,,,,
251,Hohenzollern Sigmaringen,Europe,Q157013,,,,
252,Lippe,Europe,Q14551680,,,,
253,Mecklenburg Strelitz,Europe,Q161215,,,,
254,Nassau,Europe,Q836680,,,,
255,Germany,Europe,http://www.wikidata.org/entity/Q183,,,,
256,Saar,Europe,https://www.wikidata.org/wiki/Q1201,,,,
257,Oldenburg,Europe,https://www.wikidata.org/wiki/Q693669,,,,
258,"Reuss, Older Line",Europe,Q531783,,,,
259,"Reuss, Younger Line",Europe,Q639100,,,,
260,German Federal Republic,Europe,Q713750,,,,
261,Saxe Weimar,Europe,http://www.wikidata.org/entity/Q315667,,,,
262,Saxe Altenburg,Europe,http://www.wikidata.org/entity/Q158151,,,,
263,Saxe Gotha Altenburg,Europe,Q675085,,,,
264,Saxe Coburg and Gotha,Europe,http://www.wikidata.org/entity/Q3462133,,,,
265,German Democratic Republic,Europe,Q16957,,,,
266,Saxe Meiningen,Europe,,,,,
267,Baden,Europe,https://www.wikidata.org/wiki/Q186320,,,,
268,Schwartzburg Sondershausen,Europe,,,,,
269,Saxony,Europe,http://www.wikidata.org/entity/Q1202,,,,
270,Schwartzburg Rodolstadt,Europe,,,,,
271,Wuerttemberg,Europe,Q159631,,,,
272,Waldeck,Europe,Q165763,,,,
273,Hesse Electoral,Europe,Q529605,,,,
274,Schaumburg Lippe,Europe,Q310650,,,,
275,Hesse Grand Ducal,Europe,Q20135,,,,
276,Lübeck,Europe,http://www.wikidata.org/entity/Q2843,,,,
280,Mecklenburg Schwerin,Europe,http://www.wikidata.org/entity/Q158445,,,,
281,Mecklenburg,Europe,Q109057,,,,
282,Mecklenburg Vorpommern,Europe,Q1196,,,,
290,Poland,Europe,http://www.wikidata.org/entity/Q36,,,,
291,Danzig,Europe,http://www.wikidata.org/entity/Q1792,,https://www.wikidata.org/wiki/Q899706,,
300,Austria-Hungary,Europe,http://www.wikidata.org/entity/Q28513,,,,
305,Austria,Europe,http://www.wikidata.org/entity/Q40,,,,
310,Hungary,Europe,http://www.wikidata.org/entity/Q28,,,,
315,Czechoslovakia,Europe,http://www.wikidata.org/entity/Q33946,,,,
316,Czech Republic,Europe,Q213,,,,
317,Slovakia,Europe,Q214,,,,
324,Kingdom of Sardinia,Europe,,,,,
325,Italy,Europe,http://www.wikidata.org/entity/Q38,,,,
326,Trieste,Europe,http://www.wikidata.org/entity/Q546,,,,
327,Papal States,Europe,https://www.wikidata.org/wiki/Q237,,,,
328,Vatican City,Europe,Q237,,,,
329,Two Sicilies,Europe,,,,,
331,San Marino,Europe,Q238,,,,
332,Modena,Europe,https://www.wikidata.org/wiki/Q252580,,,,
335,Parma,Europe,http://www.wikidata.org/entity/Q2683,,,,
336,Lucca,Europe,http://www.wikidata.org/entity/Q13373,,,,
337,Tuscany,Europe,http://www.wikidata.org/entity/Q1273,,,,
338,Malta,Europe,http://www.wikidata.org/entity/Q233,,,,
339,Albania,Europe,http://www.wikidata.org/entity/Q222,,,,
341,Montenegro,Europe,Q236,,,,
343,Macedonia Former Yugoslav Republic of,Europe,https://www.wikidata.org/wiki/Q240592,,,,
344,Croatia,Europe,http://www.wikidata.org/entity/Q224,,,,
345,Yugoslavia/Serbia,Europe,Q241748,,,,
346,Bosnia-Herzegovina,Europe,http://www.wikidata.org/entity/Q225,,,,
347,Kosovo,Europe,Q1246,,,,
349,Slovenia,Europe,Q215,,,,
350,Greece,Europe,http://www.wikidata.org/entity/Q41,,,,
351,Crete,Europe,http://www.wikidata.org/entity/Q34374,,,,
352,Cyprus,Europe,http://www.wikidata.org/entity/Q229,,,,
355,Bulgaria,Europe,http://www.wikidata.org/entity/Q219,,,,
359,Moldova (Bessarabia) (MoldavianRepublic),Europe,Q217,,,,
360,Romania,Europe,http://www.wikidata.org/entity/Q218,,,,
365,Russia/USSR,Europe,https://www.wikidata.org/wiki/Q159,,,,
366,Estonia,Europe,http://www.wikidata.org/entity/Q191,,,,
367,Latvia,Europe,http://www.wikidata.org/entity/Q211,,,,
368,Lithuania,Europe,http://www.wikidata.org/entity/Q37,,,,
369,Ukraine,Europe,http://www.wikidata.org/entity/Q212,,,,
370,Byelorussia (Belarus),Europe,Q184,,,,
371,Armenia,Europe,http://www.wikidata.org/entity/Q399,,,,
372,Georgia,Europe,http://www.wikidata.org/entity/Q230,,,,
373,Azerbaijan,Europe,Q227,,,,
374,Transcaucasia,Europe,Q330756,,,,
375,Finland,Europe,http://www.wikidata.org/entity/Q33,,,,
376,Chechen-Ingush Republic,Europe,Q1148929,,,,
380,Sweden,Europe,http://www.wikidata.org/entity/Q34,,,,
385,Norway,Europe,http://www.wikidata.org/entity/Q20,,,,
390,Denmark,Europe,http://www.wikidata.org/entity/Q35,,,,
395,Iceland,Europe,http://www.wikidata.org/entity/Q189,,,,
400,Azores (Western Isles),,,,https://www.wikidata.org/wiki/Q899706,,
401,Madeira Isles,,,,,,
402,Cape Verde,Africa,http://www.wikidata.org/entity/Q1011,,,,
403,Sao Tome-Principe,Africa,https://www.wikidata.org/wiki/Q1039,,,,
404,Guinea-Bissau (Portuguese Guinea),Africa,,,,,
410,Canary Island,Africa,http://www.wikidata.org/entity/Q5813,,,,
411,Equatorial Guinea (Spanish Guinea),Africa,,,,,
412,Rio Muni,Africa,Q845368,,,,
413,Fernando Po (Bioko),Africa,https://www.wikidata.org/wiki/Q205022,,,,
420,Gambia,Africa,http://www.wikidata.org/entity/Q1005,,,,
430,French West Africa,Africa,http://www.wikidata.org/entity/Q210682,,,,
431,Mali Federation,Africa,Q216632,,,,
432,Mali (French Sudan) (Upper Senegal and Niger),Africa,,,,,
433,Senegal,Africa,http://www.wikidata.org/entity/Q1041,,,,
434,Benin (Dahomey),Africa,https://www.wikidata.org/wiki/Q962,,,,
435,Mauritania,Africa,Q1025,,,,
436,Niger,Africa,http://www.wikidata.org/entity/Q1032,,,,
437,Ivory Coast,Africa,http://www.wikidata.org/entity/Q1008,,,,
438,Guinea (French Guinea) (Rivieres du Sud),Africa,,,,,
439,Burkina Faso (Upper Volta),Africa,Q965,,,,
450,Liberia,Africa,http://www.wikidata.org/entity/Q1014,,,,
451,Sierra Leone,Africa,http://www.wikidata.org/entity/Q1044,,,,
452,Ghana (Gold Coast),Africa,https://www.wikidata.org/wiki/Q117,,,,
460,German Togoland,Africa,,,,,
461,Togo (French Togoland),Africa,,,,,
462,British Togoland,Africa,Q797527,,,,
470,Kamerun,Africa,http://www.wikidata.org/entity/Q668294,,,,
471,Cameroun (French Cameroons),Africa,,,,,
472,British Cameroons,Africa,,,,,
475,Nigeria,Africa,http://www.wikidata.org/entity/Q1033,,,,
480,French Equatorial Africa,Africa,,,,,
481,Gabon,Africa,http://www.wikidata.org/entity/Q1000,,,,
482,Central African Republic,Africa,Q929,,,,
483,Chad,Africa,Q657,,,,
484,Congo (Brazzaville) (French Congo) (Middle Congo),Africa,,,,,
490,Zaire (Kinshasa) (Belgian Congo),Africa,https://www.wikidata.org/wiki/Q974,,,,
500,Uganda,Africa,Q1036,,,,
501,Kenya (British East Africa Protectorate),Africa,,,,,
510,Tanzania (Tanganyika) (German East Africa),Africa,,,,,
511,Zanzibar,Africa,http://www.wikidata.org/entity/Q1774,,,,
515,Rwanda-Urundi,Africa,,,,,
516,Burundi,Africa,Q967,,,,
517,Rwanda,Africa,Q1037,,,,
520,Somalia,Africa,https://www.wikidata.org/wiki/Q1045,,,,
521,Somaliland Republic (British Somaliland),Africa,Q34754,,,,
522,Djibouti (Afar and Issas) (French Somaliland),Africa,Q977,,,,
530,Ethiopia (Abyssinia),Africa,https://www.wikidata.org/wiki/Q115,,,,
531,Eritrea,Africa,http://www.wikidata.org/entity/Q986,,,,
540,Angola,Africa,http://www.wikidata.org/entity/Q916,,,,
541,Mozambique,Africa,http://www.wikidata.org/entity/Q1029,,,,
550,Federation of Rhodesia and Nyasaland,Africa,Q654342,,,,
551,Zambia (Northern Rhodesia),Africa,Q953,,,,
552,Zimbabwe (Rhodesia) (Southern Rhodesia),Africa,Q954,,,,
553,Malawi (Nyasaland) (British Central Africa Protectorate),Africa,Q1020,,,,
560,South Africa,Africa,http://www.wikidata.org/entity/Q258,,,,
561,Cape Colony,Africa,http://www.wikidata.org/entity/Q370736,,,,
562,Natal,Africa,https://www.wikidata.org/wiki/Q1301901,,,,
563,Transvaal,Africa,https://www.wikidata.org/wiki/Q190959,,,,
564,Orange Free State (Orange River Colony),Africa,,,,,
565,South West Africa (German West Africa) (Namibia),Africa,,,,,
566,Transkei,Africa,Q466551,,,,
567,Bophuthatswana,Africa,Q158236,,,,
568,Venda,Africa,Q848668,,,,
569,Ciskei,Africa,Q379042,,,,
570,Lesotho (Basutoland),Africa,,,,,
571,Botswana (Bechuanaland),Africa,https://www.wikidata.org/wiki/Q963,,,,
572,Swaziland,Africa,http://www.wikidata.org/entity/Q1050,,,,
580,Malagasy Republic (Madagascar),Africa,https://www.wikidata.org/wiki/Q1019,,,,
581,Comoros,Africa,http://www.wikidata.org/entity/Q970,,,,
585,Reunion,Africa,http://www.wikidata.org/entity/Q17070,,,,
590,Mauritius,Africa,http://www.wikidata.org/entity/Q1027,,,,
591,Seychelles,Africa,http://www.wikidata.org/entity/Q1042,,,,
600,Morocco,Africa,http://www.wikidata.org/entity/Q1028,,,,
601,Tangier,Africa,http://www.wikidata.org/entity/Q126148,,,,
602,Spanish Morocco,Africa,https://www.wikidata.org/wiki/Q457242,,,,
605,Ifni,Africa,Q763141,,,,
609,Sahrawi Arab Democratic Republic (Western Sahara) (Spanish Sahara),Africa,Q40362,,,,
610,Spanish West Africa,Africa,,,,,
615,Algeria,Africa,http://www.wikidata.org/entity/Q262,,,,
616,Tunisia,Africa,http://www.wikidata.org/entity/Q948,,,,
620,"Libya (Tripolitania, Cyrenaica, Fezzan)",Africa,,,,,
625,Sudan (Anglo-Egyptian),Africa,,,,,
626,South Sudan,Africa,Q958,,,,
630,Iran (Persia),Asia,https://www.wikidata.org/wiki/Q794,,,,
640,Turkey,Asia,http://www.wikidata.org/entity/Q43,,,,
645,Iraq (Mesopotamia),Asia,https://www.wikidata.org/wiki/Q796,,,,
651,Egypt Arab Republic (Egypt),Asia,,,,,
652,Syria,Asia,http://www.wikidata.org/entity/Q858,,,,
660,Lebanon,Asia,http://www.wikidata.org/entity/Q822,,,,
663,Jordan (Transjordan),Asia,,,,,
665,Palestine,Asia,http://www.wikidata.org/entity/Q219060,,,,
666,Israel,Asia,http://www.wikidata.org/entity/Q801,,,,
670,Saudi Arabia (Nejd Wahabbid Empire),Asia,,,,,
671,Hejaz Sultanate,Asia,https://www.wikidata.org/wiki/Q956357,,,,
672,Asir,Asia,https://www.wikidata.org/wiki/Q779855,https://www.wikidata.org/wiki/Q1656908,,,
673,Al Hasa,Asia,https://www.wikidata.org/wiki/Q4702167,,,,
674,Jabal Shammar,Asia,https://www.wikidata.org/wiki/Q5362837,,,,
678,Yemen Arab Republic (North Yemen) (Kingdom of Yemen),Asia,https://www.wikidata.org/wiki/Q1998401,https://www.wikidata.org/wiki/Q580188,https://www.wikidata.org/wiki/Q267584,,
679,Yemen,Asia,https://www.wikidata.org/wiki/Q199841,,,,
680,Yemen People's Republic (South Yemen),Asia,https://www.wikidata.org/wiki/Q199841,,,,
681,Aden,Asia,http://www.wikidata.org/entity/Q131694,,,,
682,Aden Protectorate,Asia,https://www.wikidata.org/wiki/Q1865132,,,,
690,Kuwait,Asia,http://www.wikidata.org/entity/Q817,,,,
692,Bahrain,Asia,http://www.wikidata.org/entity/Q398,,,,
694,Qatar,Asia,https://www.wikidata.org/wiki/Q846,,,,
696,United Arab Emirates (Trucial Oman),Asia,https://www.wikidata.org/wiki/Q1852345,,,,
698,Oman (Muscat and Oman),Asia,https://www.wikidata.org/wiki/Q842,,,,
700,Afghanistan,Asia,http://www.wikidata.org/entity/Q889,,,,
701,Turkmenistan,Asia,https://www.wikidata.org/wiki/Q874,,,,
702,Tajikistan,Asia,https://www.wikidata.org/wiki/Q863,,,,
703,Kyrgyzstan,Asia,http://www.wikidata.org/entity/Q813,,,,
704,Uzbekistan,Asia,http://www.wikidata.org/entity/Q265,,,,
705,Kazakhstan,Asia,https://www.wikidata.org/wiki/Q232,,,,
710,China (People's Republic of China),Asia,https://www.wikidata.org/wiki/Q148,,,,
711,Manchukuo,Asia,http://www.wikidata.org/entity/Q30623,,,,
712,Mongolia,Asia,http://www.wikidata.org/entity/Q711,,,,
713,Republic of China (Taiwan) (Formosa),Asia,https://www.wikidata.org/wiki/Q865,,,,
720,Hong Kong,Asia,http://www.wikidata.org/entity/Q8646,,,,
721,Macao,Asia,http://www.wikidata.org/entity/Q14773,,,,
730,Korea (Chosen),Asia,https://www.wikidata.org/wiki/Q28179,https://www.wikidata.org/wiki/Q503585,,,
731,North Korea (Democratic People's Republic of Korea),Asia,https://www.wikidata.org/wiki/Q423,,,,
732,South Korea (Republic of South Korea),Asia,https://www.wikidata.org/wiki/Q884,,,,
735,Far Eastern Republic,Asia,http://www.wikidata.org/entity/Q61292,,,,
740,Japan,Asia,http://www.wikidata.org/entity/Q17,,,,
741,Ryukyu Is.,Asia,https://www.wikidata.org/wiki/Q10905515,,,,
750,India,Asia,http://www.wikidata.org/entity/Q668,,,,
751,French India,Asia,http://www.wikidata.org/entity/Q646374,,,,
752,"Portuguese India (incl. Goa, Diu, Daman)",Asia,https://www.wikidata.org/wiki/Q323904,,,,
760,Bhutan,Asia,http://www.wikidata.org/entity/Q917,,,,
761,Sikkim,Asia,https://www.wikidata.org/wiki/Q3960459,https://www.wikidata.org/wiki/Q1505,,,
770,Pakistan,Asia,http://www.wikidata.org/entity/Q843,,,,
771,Bangladesh,Asia,https://www.wikidata.org/wiki/Q902,,,,
775,Burma (Myanmar),Asia,https://www.wikidata.org/wiki/Q836,,,,
780,Sri Lanka (Ceylon),Asia,https://www.wikidata.org/wiki/Q854,,,,
781,Maldive Islands,Asia,http://www.wikidata.org/entity/Q17044696,,,,
790,Nepal,Asia,http://www.wikidata.org/entity/Q837,,,,
800,Thailand (Siam),Asia,https://www.wikidata.org/wiki/Q869,,,,
810,French Indochina,Asia,https://www.wikidata.org/wiki/Q185682,,,,
811,Kampuchea (Cambodia),Asia,https://www.wikidata.org/wiki/Q424,,,,
812,Laos,Asia,https://www.wikidata.org/wiki/Q819,,,,
815,Vietnam,Asia,http://www.wikidata.org/entity/Q881,,,,
816,"Vietnam, Democratic Rep.",Asia,https://www.wikidata.org/wiki/Q172640,,,,
817,Republic of Vietnam,Asia,https://www.wikidata.org/wiki/Q180573,,,,
820,Malaysia (Malaya),Asia,https://www.wikidata.org/wiki/Q833,,,,
821,Federated Malay States,Asia,https://www.wikidata.org/wiki/Q1400154,,,,
823,Sabah (North Borneo),Asia,https://www.wikidata.org/wiki/Q179029,,,,
824,Sarawak,Asia,http://www.wikidata.org/entity/Q170462,,,,
827,Straits Settlements,Asia,https://www.wikidata.org/wiki/Q376178,,,,
830,Singapore,Asia,http://www.wikidata.org/entity/Q334,,,,
835,Brunei,Asia,http://www.wikidata.org/entity/Q921,,,,
840,Philippines,Asia,http://www.wikidata.org/entity/Q928,,,,
850,Indonesia (Dutch East Indies),Asia,https://www.wikidata.org/wiki/Q188161,,,,
851,West Irian (Dutch New Guinea),Asia,https://www.wikidata.org/wiki/Q941881,,,,
860,East Timor (Portuguese Timor),Asia,https://www.wikidata.org/wiki/Q142965,https://www.wikidata.org/wiki/Q574,,,
900,Australia,Oceania,http://www.wikidata.org/entity/Q408,,,,
901,New South Wales,Oceania,http://www.wikidata.org/entity/Q3224,,,,
902,Western Australia,Oceania,http://www.wikidata.org/entity/Q3206,,,,
903,South Australia,Oceania,http://www.wikidata.org/entity/Q35715,,,,
904,Victoria,Oceania,http://www.wikidata.org/entity/Q36687,,,,
905,Queensland,Oceania,http://www.wikidata.org/entity/Q36074,,,,
906,Tasmania,Oceania,http://www.wikidata.org/entity/Q34366,,,,
910,Papua New Guinea,Oceania,http://www.wikidata.org/entity/Q691,,,,
911,Papua,Oceania,http://www.wikidata.org/entity/Q5095,,,,
912,New Guinea (German New Guinea) (Kaiser Wilhelmsland),Oceania,https://www.wikidata.org/wiki/Q691017,https://www.wikidata.org/wiki/Q165008,,,
920,New Zealand,Oceania,http://www.wikidata.org/entity/Q664,,,,
925,Cook Is.,Oceania,https://www.wikidata.org/wiki/Q26988,,,,
930,New Caledonia and Dependencies,Oceania,https://www.wikidata.org/wiki/Q33788,,,,
935,New Hebrides,Oceania,http://www.wikidata.org/entity/Q752431,,,,
940,Solomon Islands,Oceania,http://www.wikidata.org/entity/Q685,,,,
945,Gilbert and Ellice Is.,Oceania,https://www.wikidata.org/wiki/Q1050859,,,,
946,Kiribati,Oceania,http://www.wikidata.org/entity/Q710,,,,
947,Tuvalu,Oceania,https://www.wikidata.org/wiki/Q672,,,,
950,Fiji,Oceania,http://www.wikidata.org/entity/Q712,,,,
955,Tonga,Oceania,http://www.wikidata.org/entity/Q678,,,,
960,French Polynesia,Oceania,http://www.wikidata.org/entity/Q30971,,,,
970,Nauru,Oceania,http://www.wikidata.org/entity/Q697,,,,
980,U. S. Pacific Trust Territories,Oceania,https://www.wikidata.org/wiki/Q129237,,,,
983,Marshall Is.,Oceania,https://www.wikidata.org/wiki/Q709,,,,
984,Northern Marianas Is.,Oceania,https://www.wikidata.org/wiki/Q16644,,,,
985,Guam,Oceania,http://www.wikidata.org/entity/Q16635,,,,
986,Palau,Oceania,http://www.wikidata.org/entity/Q695,,,,
987,Federated States of Micronesia,Oceania,https://www.wikidata.org/wiki/Q702,,,,
990,Western Samoa,Oceania,http://www.wikidata.org/entity/Q683,,,,
991,American Samoa,Oceania,http://www.wikidata.org/entity/Q16641,,,,
1001,States of America,America,https://www.wikidata.org/wiki/Q214102,,,,
1002,Confederate States of America,America,https://www.wikidata.org/wiki/Q81931,,,,
1003,Attu and Kiska,America,https://www.wikidata.org/wiki/Q119285,,,,
1004,North Carolina,America,https://www.wikidata.org/wiki/Q1454,,,,
1005,Virginia,America,https://www.wikidata.org/wiki/Q1370,,,,
1006,Tennessee,America,https://www.wikidata.org/wiki/Q1509,,,,
1007,Arkansas,America,https://www.wikidata.org/wiki/Q1612,,,,
1008,Florida,America,https://www.wikidata.org/wiki/Q812,,,,
1009,South Carolina (Palmetto Republic),America,https://www.wikidata.org/wiki/Q7566712,https://www.wikidata.org/wiki/Q1456,,,
1010,Georgia (U.S.),America,https://www.wikidata.org/wiki/Q1428,,,,
1011,Alabama,America,https://www.wikidata.org/wiki/Q173,,,,
1012,Mississippi,America,https://www.wikidata.org/wiki/Q1494,,,,
1013,Louisiana,America,https://www.wikidata.org/wiki/Q1588,,,,
1014,California (Great Bear Republic),America,https://www.wikidata.org/wiki/Q17557,,,,
1015,Cherokee,America,,https://www.wikidata.org/wiki/Q14708404,,,
1016,Oregon Country,America,http://www.wikidata.org/entity/Q388164,,,,
1017,Eastern Greenland,America,https://www.wikidata.org/wiki/Q14205239,,,,
1018,U.S. Leased Bases in Newfoundland,America,,,,,
1019,Rupert's Land,America,http://www.wikidata.org/entity/Q738395,,,,
1020,San Juan Island,America,https://www.wikidata.org/wiki/Q1935888,,,,
1021,Cape Breton I.,America,https://www.wikidata.org/wiki/Q188489,,,,
1022,Nova Scotia,America,http://www.wikidata.org/entity/Q1952,,,,
1023,New Brunswick,America,http://www.wikidata.org/entity/Q1965,,,,
1024,Prince Edward Is.,America,https://www.wikidata.org/wiki/Q1979,,,,
1025,Quebec (Lower Canada),America,https://www.wikidata.org/wiki/Q176,,,,
1026,Ontario (Upper Canada),America,"https://www.wikidata.org/wiki/Q1904
",,,,
1027,British Columbia,America,http://www.wikidata.org/entity/Q1974,,,,
1028,Vancouver,America,http://www.wikidata.org/entity/Q24639,,,,
1029,St. Pierre and Miquelon,America,http://www.wikidata.org/entity/Q34617,,,,
1030,U.S. Leased Bases in Bermuda,America,https://www.wikidata.org/wiki/Q23635,,,,
1031,Mayaguana,America,https://www.wikidata.org/wiki/Q1540098,,,,
1032,Turks and Caicos Is.,America,https://www.wikidata.org/wiki/Q18221,,,,
1033,Cayman Island,America,http://www.wikidata.org/entity/Q5785,,,,
1040,Guantanamo,America,https://www.wikidata.org/wiki/Q208035,https://www.wikidata.org/wiki/Q115319,,,
1041,North Haiti,America,https://www.wikidata.org/wiki/Q1472105,https://www.wikidata.org/wiki/Q943932,,,
1044,Navassa I.,America,https://www.wikidata.org/wiki/Q25359,,,,
1049,Tobago,America,http://www.wikidata.org/entity/Q185111,,,,
1051,U.S. Leased Bases in Jamaica,America,,https://www.wikidata.org/wiki/Q7921943,,,
1052,U.S. Leased Bases in Trinidad,America,,https://www.wikidata.org/wiki/Q844799,,,
1055,Windward Is.,America,https://www.wikidata.org/wiki/Q2660774,,,,
1056,Gros Islet Bay,America,https://www.wikidata.org/wiki/Q953557,,,,
1058,Barbuda,America,https://www.wikidata.org/wiki/Q238752,,,,
1059,U.S. Leased Bases in Antigua,America,https://www.wikidata.org/wiki/Q316390,,,,
1061,British Virgin Is.,America,https://www.wikidata.org/wiki/Q25305,,,,
1062,Anguilla,America,https://www.wikidata.org/wiki/Q25228,,,,
1063,Leeward Is.,America,https://www.wikidata.org/wiki/Q1796551,,,,
1064,St. Barthelemy,America,http://www.wikidata.org/entity/Q25362,,,,
1065,Curacao,America,http://www.wikidata.org/entity/Q25279,,,,
1066,Bonaire,America,http://www.wikidata.org/entity/Q25396,,,,
1067,Saba,America,https://www.wikidata.org/wiki/Q25528,,,,
1068,Sint Eustatius,America,http://www.wikidata.org/entity/Q26180,,,,
1069,Aruba,America,http://www.wikidata.org/entity/Q21203,,,,
1070,Viceroyalty of New Spain,America,https://www.wikidata.org/wiki/Q170603,,,,
1071,Yucatan,America,https://www.wikidata.org/wiki/Q60176,,,,
1072,Revillagigedo Is,America,https://www.wikidata.org/wiki/Q849318,,,,
1073,Sint Maarten,America,https://www.wikidata.org/wiki/Q26273,,,,
1074,Dutch Windward Is.,America,https://www.wikidata.org/wiki/Q3277444,,,,
1075,St. Kitts,America,http://www.wikidata.org/entity/Q204989,,,,
1076,Nevis,America,http://www.wikidata.org/entity/Q207794,,,,
1077,St. Martin,America,https://www.wikidata.org/wiki/Q126125,,,,
1081,Mosquito Coast,America,https://www.wikidata.org/wiki/Q1165546,,,,
1082,Bay Is.,America,https://www.wikidata.org/wiki/Q3593570,,,,
1087,Swan Is.,America,https://www.wikidata.org/wiki/Q1547671,,,,
1088,Corn Is.,America,https://www.wikidata.org/wiki/Q21111,,,,
1094,Cocos I.,America,https://www.wikidata.org/wiki/Q215081,,,,
1097,Panama Canal Operating Area,America,https://www.wikidata.org/wiki/Q498979,,,,
1101,Quita Sueno Bank,America,https://www.wikidata.org/wiki/Q559484,,,,
1102,Roncador Cay,America,https://www.wikidata.org/wiki/Q950869,,,,
1103,Serrana Bank,America,https://www.wikidata.org/wiki/Q1814365,,,,
1104,Serranilla Bank,America,https://www.wikidata.org/wiki/Q1169008,,,,
1105,San Andres and Providincial Is.,America,https://www.wikidata.org/wiki/Q26855,,,,
1106,Malpelo I.,America,https://www.wikidata.org/wiki/Q750683,,,,
1111,Aves I.,America,https://www.wikidata.org/wiki/Q790669,,,,
1112,U.S. Leased Bases in Br. Guiana,America,,,,,
1113,Demerara and Essequibo,America,https://www.wikidata.org/wiki/Q5255160,,,,
1114,Berbice,America,http://www.wikidata.org/entity/Q675322,,,,
1135,Viceroyalty of Peru,America,https://www.wikidata.org/wiki/Q211435,,,,
1150,Free Surinam,America,,,,,
1151,Easter I.,America,https://www.wikidata.org/wiki/Q14452,,,,
1152,Juan Fernandez I.,America,https://www.wikidata.org/wiki/Q156325,,,,
1153,Desventuradas Is. (San Felix and San Ambrosio),America,https://www.wikidata.org/wiki/Q1160526,,,,
1154,Sala y Gomez,America,https://www.wikidata.org/wiki/Q118821,,,,
1156,Araucania,America,https://www.wikidata.org/wiki/Q2176,,,,
1160,Viceroyalty of La Plata,America,https://www.wikidata.org/wiki/Q210551,,,,
1161,Buenos Aires,America,http://www.wikidata.org/entity/Q1486,,,,
1162,Cordoba,America,https://www.wikidata.org/wiki/Q44210,,,,
1163,Falkland Is.,America,https://www.wikidata.org/wiki/Q9648,,,,
1164,South Georgia,America,https://www.wikidata.org/wiki/Q1137202,,,,
1165,South Sandwich Is.,America,https://www.wikidata.org/wiki/Q118223,,,,
1166,San Juan,America,https://www.wikidata.org/wiki/Q44805,,,,
1167,Corrientes,America,https://www.wikidata.org/wiki/Q44758,,,,
1168,Martin Garcia I.,America,https://www.wikidata.org/wiki/Q719903,,,,
1169,South Georgia and South Sandwich Is.,America,https://www.wikidata.org/wiki/Q35086,,,,
1201,Inini,America,https://www.wikidata.org/wiki/Q1663537,,,,
1301,Galapagos Is.,America,https://www.wikidata.org/wiki/Q38095,,,,
1352,Chincha Is.,America,https://www.wikidata.org/wiki/Q1073664,,,,
1401,Rio Grande do Sul,America,https://www.wikidata.org/wiki/Q40030,,,,
1402,Juliana Republic,America,https://www.wikidata.org/wiki/Q2413855,,,,
1407,Acre,America,https://www.wikidata.org/wiki/Q40780,,,,
1408,St. Paul's Rocks,America,https://www.wikidata.org/wiki/Q241357,,,,
1409,Trindade Island,America,https://www.wikidata.org/wiki/Q241478,,,,
2001,Rockall I.,Europe,https://www.wikidata.org/wiki/Q206137,,,,
2002,Lundy,Europe,https://www.wikidata.org/wiki/Q324812,,,,
2051,UK Bases in Ireland,Europe,https://www.wikidata.org/wiki/Q2450821,,,,
2111,Moresnet,Europe,http://www.wikidata.org/entity/Q151938,,,,
2201,Alsace Lorraine,Europe,https://www.wikidata.org/wiki/Q155144,,,,
2221,Roquebrune and Menton,Europe,https://www.wikidata.org/wiki/Q3559284,,,,
2246,Lauenburg,Europe,http://www.wikidata.org/entity/Q492380,,,,
2247,Schleswig,Europe,https://www.wikidata.org/wiki/Q26167,,,,
2248,Holstein,Europe,http://www.wikidata.org/entity/Q111224,,,,
2249,Heligoland,Europe,http://www.wikidata.org/entity/Q3038,,,,
2251,Neuchatel,Europe,https://www.wikidata.org/wiki/Q12738,,,,
2292,Cracow,Europe,http://www.wikidata.org/entity/Q31487,,,,
2311,Spain-Gibralter Neutral Zone,Europe,https://www.wikidata.org/wiki/Q2473841,,,,
2333,Ile des Faisans,Europe,https://www.wikidata.org/wiki/Q373767,,,,
2481,Bergedorf,Europe,https://www.wikidata.org/wiki/Q1637,,,,
2482,Schleswig Plebiscite Zone,Europe,,,,,
2551,Allenstein Plebiscite Zone,Europe,,,,,
2552,Marienwerder Plebiscite Zone,Europe,,https://www.wikidata.org/wiki/Q479818,,,pas de géolocalisation
2553,Silesia Plebiscite Zone,Europe,,https://www.wikidata.org/wiki/Q574321,,,carte de la zone disponible sur la page wikipédia associée
2554,Brandenburg,Europe,https://www.wikidata.org/wiki/Q1208,,,,
2555,Schleswig-Holstein,Europe,https://www.wikidata.org/wiki/Q1194,,,,
2556,Rhineland,Europe,https://www.wikidata.org/wiki/Q152243,,,,
2557,Ruhr,Europe,https://www.wikidata.org/wiki/Q151993,,,,
2558,Thuringia,Europe,https://www.wikidata.org/wiki/Q1205,,,,
2601,Berlin (West Berlin),Europe,https://www.wikidata.org/wiki/Q56036,,,,
2602,Hesse,Europe,https://www.wikidata.org/wiki/Q1199,,,,
2603,Lower Saxony,Europe,https://www.wikidata.org/wiki/Q1197,,,,
2604,North Rhine Westphalia,Europe,https://www.wikidata.org/wiki/Q1198,,,,
2605,Rhineland Palatinate,Europe,https://www.wikidata.org/wiki/Q1200,,,,
2606,Baden Wuerttemberg,Europe,https://www.wikidata.org/wiki/Q985,,,,
2661,Saxe Hildburghausen,Europe,https://www.wikidata.org/wiki/Q281005,,,,
3051,Klagenfurt Plebiscite Zone,Europe,,,,,
3052,Vorarlberg,Europe,https://www.wikidata.org/wiki/Q38981,,,,
3053,Tyrol,Europe,https://www.wikidata.org/wiki/Q42880,,,,
3253,Milan,Europe,http://www.wikidata.org/entity/Q490,,,,
3261,Republic of St. Mark,Europe,http://www.wikidata.org/entity/Q4948,,,,
3271,Ancona,Europe,http://www.wikidata.org/entity/Q3415,,,,
3291,Sicily,Europe,https://www.wikidata.org/wiki/Q1460,,,,
3316,Carpatho-Ukraine,Europe,https://www.wikidata.org/wiki/Q950644,,,,
3326,Venezia-Giulia,Europe,https://www.wikidata.org/wiki/Q306696,,,,
3327,"S.M.O.M. (Sovereign & Military Order of Jerusalem, Rhodes and Malta)",Europe,https://www.wikidata.org/wiki/Q190353,,,,
3340,Scutari,Europe,https://www.wikidata.org/wiki/Q653394,,,,
3341,Saseno,Europe,https://www.wikidata.org/wiki/Q733645,,,,
3343,Fiume,Europe,http://www.wikidata.org/entity/Q1647,,,,
3346,Zadar (Zara),Europe,https://www.wikidata.org/wiki/Q3370,,,,
3349,Ionian Is.,Europe,https://www.wikidata.org/wiki/Q170295,,,,
3351,Corfu,Europe,http://www.wikidata.org/entity/Q121378,,,,
3352,Turkish Republic of Northern Cyprus,Europe,https://www.wikidata.org/wiki/Q23681,,,,
3353,Dodecanese Is. (Aegean Is.),Europe,https://www.wikidata.org/wiki/Q131555,,,,
3354,Janina,Europe,https://www.wikidata.org/wiki/Q183199,,,,
3355,Akrotiri and Dhekelia (British Bases in Cyprus),Europe,https://www.wikidata.org/wiki/Q37362,,,,
3356,Castellorizo,Europe,https://www.wikidata.org/wiki/Q212096,,,,
3361,Moldavia,Europe,http://www.wikidata.org/entity/Q217,,,,
3362,Wallachia,Europe,http://www.wikidata.org/entity/Q171393,,,,
3363,Memel,Europe,http://www.wikidata.org/entity/Q776965,,,,
3364,North Ingria,Europe,https://www.wikidata.org/wiki/Q1343485,,,,
3374,Batum,Europe,https://www.wikidata.org/wiki/Q25475,,,,
3375,Daghestan,Europe,https://www.wikidata.org/wiki/Q5118,,,,
3376,Nakhichevan,Europe,https://www.wikidata.org/wiki/Q284506,,,,
3377,Mountaineers' Republic of the North Caucusus,Europe,https://www.wikidata.org/wiki/Q1639475,,,,
3378,Porkkala,Europe,https://www.wikidata.org/wiki/Q1474150,,,,
3379,Aland Is.,Europe,https://www.wikidata.org/wiki/Q5689,,,,
3380,Hangö,Europe,https://www.wikidata.org/wiki/Q216790,,,,
3381,Elba,Europe,https://www.wikidata.org/wiki/Q45328,,,,
3386,Svalbard Is.,Europe,https://www.wikidata.org/wiki/Q25231,,,,
3387,Jan Mayen Is.,Europe,https://www.wikidata.org/wiki/Q14056,,,,
3451,Serb Republic of Krajina,Europe,https://www.wikidata.org/wiki/Q211853,,,,
3452,Serb Republic of Bosnia,Europe,https://www.wikidata.org/wiki/Q11196,,,,
3461,Bosnia,Europe,https://www.wikidata.org/wiki/Q188736,,,,
3462,Herzegovina,Europe,https://www.wikidata.org/wiki/Q189863,,,,
3471,Novi Pazar,Europe,https://www.wikidata.org/wiki/Q202453,,,,
3481,Brda,Europe,https://www.wikidata.org/wiki/Q3512355,,,,Pas de géolocalisation
3501,Western Thrace,Europe,https://www.wikidata.org/wiki/Q1192701,,,,
3502,Mount Athos,Europe,https://www.wikidata.org/wiki/Q130321,,,,
3503,New Greece,Europe,,,,,
3504,Samos,Europe,http://www.wikidata.org/entity/Q156882,,,,
3505,Lemnos,Europe,https://www.wikidata.org/wiki/Q192483,,,,
3521,UN Buffer Zone in Cyprus,Europe,https://www.wikidata.org/wiki/Q116970,,,,
3551,Eastern Rumelia,Europe,https://www.wikidata.org/wiki/Q459780,,,,
3591,Transdniestria (Pridnestrovian Moldavian Republic),Europe,https://www.wikidata.org/wiki/Q907112,,,,
3592,Gaugazia,Europe,https://www.wikidata.org/wiki/Q164819,,,,
3601,Danube Islands Neutral Zone,Europe,,,,,
3651,Adygea,Europe,https://www.wikidata.org/wiki/Q3734,,,,
3652,Altai Republic,Europe,https://www.wikidata.org/wiki/Q5971,,,,
3653,Bashkir Republic,Europe,https://www.wikidata.org/wiki/Q5710,,,,
3654,Buryatia,Europe,https://www.wikidata.org/wiki/Q6809,,,,
3655,Karelia Republic,Europe,https://www.wikidata.org/wiki/Q1914,,,,
3691,Western Ukraine,Europe,https://www.wikidata.org/wiki/Q1729457,,,,
3692,Northeren Russia,Europe,https://www.wikidata.org/wiki/Q965661,,,,
3693,Republic of the Don,Europe,https://www.wikidata.org/wiki/Q2453974,,,,
3694,Odessa,Europe,http://www.wikidata.org/entity/Q1874,,,,
3695,Crimea,Europe,https://www.wikidata.org/wiki/Q756294,,,,
3696,Novorossiya,Europe,https://www.wikidata.org/wiki/Q16912926,,,,
3697,Donetsk,Europe,https://www.wikidata.org/wiki/Q43070,,,,
3698,Luhansk,Europe,https://www.wikidata.org/wiki/Q134279,,,,
3712,Artsakh (Republic of Karabakh),Europe,https://www.wikidata.org/wiki/Q244165,,,,
3721,Abkhazia,Europe,https://www.wikidata.org/wiki/Q23334,,,,
3722,South Ossetia,Europe,https://www.wikidata.org/wiki/Q23427,,,,
3723,Adjara,Europe,https://www.wikidata.org/wiki/Q45693,,,,
3761,Chechen Republic,Europe,https://www.wikidata.org/wiki/Q5187,,,,
3762,"Ingushetia, Republic of",Europe,https://www.wikidata.org/wiki/Q5219,,,,
3805,Sweden-Norway Neutral Zone,Europe,https://www.wikidata.org/wiki/Q2742785,,,,
3901,Bornholm I.,Europe,https://www.wikidata.org/wiki/Q769680,,,,
4031,Principe,Africa,,,,,
4041,Cacheu,Africa,https://www.wikidata.org/wiki/Q1002807,,,,
4042,Bissau,Africa,https://www.wikidata.org/wiki/Q3739,,,,
4043,Oio,Africa,https://www.wikidata.org/wiki/Q853991,,,,
4050,St. Helena,Africa,https://www.wikidata.org/wiki/Q34497,,,,
4051,Longwood,Africa,https://www.wikidata.org/wiki/Q222213,,,,
4060,Tristan da Cunha,Africa,https://www.wikidata.org/wiki/Q220982,,,,
4070,Ascension I.,Africa,http://www.wikidata.org/entity/Q46197,,,,
4111,Annobon I.,Africa,https://www.wikidata.org/wiki/Q728665,,,,
4112,Corisco I.,Africa,https://www.wikidata.org/wiki/Q749561,,,,
4321,Tokolor Empire,Africa,https://www.wikidata.org/wiki/Q536476,,,,
4322,Timbuctu,Africa,https://www.wikidata.org/wiki/Q9427,,,,
4323,Bambuk,Africa,https://www.wikidata.org/wiki/Q805975,,,,
4324,Dinguiray,Africa,https://www.wikidata.org/wiki/Q1006013,,,,
4325,Kaarta,Africa,https://www.wikidata.org/wiki/Q924833,,,,Pas de géolocalisation
4326,Macina,Africa,https://www.wikidata.org/wiki/Q635394,,,,Pas de géolocalisation
4327,Segu,Africa,https://www.wikidata.org/wiki/Q333476,,,,
4328,Sikasso,Africa,https://www.wikidata.org/wiki/Q461298,,,,
4331,Futa Toro,Africa,https://www.wikidata.org/wiki/Q1440091,,,,
4332,Futa Bondu,Africa,https://www.wikidata.org/wiki/Q892272,,,,
4333,Cayor,Africa,https://www.wikidata.org/wiki/Q1052040,,,,
4334,Rip,Africa,https://www.wikidata.org/wiki/Q3433004,,,,Pas de géolocalisation
4335,Saloum,Africa,https://www.wikidata.org/wiki/Q1471373,,,,
4336,Sine,Africa,https://www.wikidata.org/wiki/Q862467,,,,Pas de géolocalisation
4337,Walo,Africa,https://www.wikidata.org/wiki/Q206279,,,,
4338,Goree,Africa,http://www.wikidata.org/entity/Q244347,,,,
4341,Old Dahomey,Africa,https://www.wikidata.org/wiki/Q468814,,,,
4342,Gun,Africa,,,,,Lien renvoie à un peuple ou une langue
4343,Ketu,Africa,https://www.wikidata.org/wiki/Q3311513,,,,Pas de géolocalisation
4344,Grand Popo,Africa,https://www.wikidata.org/wiki/Q1542478,,,,
4345,Ouidah,Africa,https://www.wikidata.org/wiki/Q850031,,,,
4346,Anecho (Little Popo),Africa,https://www.wikidata.org/wiki/Q1018574,,,,
4347,Cotonou,Africa,https://www.wikidata.org/wiki/Q43595,,,,
4348,Porto Novo,Africa,http://www.wikidata.org/entity/Q3799,,,,
4349,Ajuda,Africa,,,,,Voir Ouidah
4351,Adrar,Africa,https://www.wikidata.org/wiki/Q366626,,,,
4352,Brakna,Africa,https://www.wikidata.org/wiki/Q12632,,,,
4353,Tagant,Africa,https://www.wikidata.org/wiki/Q843903,,,,
4354,Trarza,Africa,https://www.wikidata.org/wiki/Q1812976,,,,
4361,Aïr,Africa,https://www.wikidata.org/wiki/Q1502813,,,,Pas de géolocalisation
4362,Zinder,Africa,https://www.wikidata.org/wiki/Q204365,,,,
4371,Odienne,Africa,https://www.wikidata.org/wiki/Q506811,,,,
4372,Grand Bassam,Africa,https://www.wikidata.org/wiki/Q582922,,,,
4373,Assini,Africa,https://www.wikidata.org/wiki/Q2867185,,,,
4381,Futa Djallon,Africa,https://www.wikidata.org/wiki/Q760741,,,,
4382,Kankan,Africa,https://www.wikidata.org/wiki/Q874317,,,,
4391,Gurma,Africa,https://www.wikidata.org/wiki/Q432317,,,,
4392,Kong,Africa,https://www.wikidata.org/wiki/Q1587244,,,,
4393,Mandinka (Wassoulou) Empire,Africa,https://www.wikidata.org/wiki/Q568712,,,,
4394,Mamprussi,Africa,,,,,Lien renvoie à un peuple ou une langue
4395,Ouga Dougou,Africa,,https://www.wikidata.org/wiki/Q3777,,,
4396,Yatenga,Africa,https://www.wikidata.org/wiki/Q65123867,https://www.wikidata.org/wiki/Q569904,,,
4397,Busuma,Africa,,,,,
4398,Riziam,Africa,https://www.wikidata.org/wiki/Q3434028,https://www.wikidata.org/wiki/Q163352,,,
4501,Maryland,Africa,https://www.wikidata.org/wiki/Q544630,,,,
4512,Aku,Africa,,https://www.wikidata.org/wiki/Q24697842,,,
4513,Banana Islands,Africa,https://www.wikidata.org/wiki/Q806076,,,,
4514,Bumpe,Africa,https://www.wikidata.org/wiki/Q2946676,,,,
4515,Koya-Temne,Africa,https://www.wikidata.org/wiki/Q6412616,,,,Pas de géolocalisation
4516,Shenge (Plantation Island),Africa,https://www.wikidata.org/wiki/Q7494263,,,,
4521,Asante,Africa,https://www.wikidata.org/wiki/Q722071,,,,
4522,Adansi,Africa,https://www.wikidata.org/wiki/Q4680636,,,,Pas de géolocalisation
4523,Akwamu,Africa,https://www.wikidata.org/wiki/Q1791839,,,,Pas de géolocalisation
4524,Akwapim,Africa,,https://www.wikidata.org/wiki/Q423691,https://www.wikidata.org/wiki/Q176435,,
4525,Akyem,Africa,Q418389,,,,Lien renvoie à un peuple ou une langue
4526,Dagomba,Africa,https://www.wikidata.org/wiki/Q24697413,,,,
4527,Denkyira,Africa,https://www.wikidata.org/wiki/Q1164302,,,,Pas de géolocalisation
4528,Fante,Africa,,,,,Lien renvoie à un peuple ou une langue
4529,Ga,Africa,,https://www.wikidata.org/wiki/Q2553691,https://www.wikidata.org/wiki/Q2553740,https://www.wikidata.org/wiki/Q431729,
4531,Gonja,Africa,https://www.wikidata.org/wiki/Q1477754,,,,Pas de géolocalisation
4532,Gyamen,Africa,https://www.wikidata.org/wiki/Q1644002,,,,Pas de géolocalisation
4533,Wassa,Africa,,,,,Lien renvoie à un peuple ou une langue
4534,Danish Posts (Gold Coast),Africa,https://www.wikidata.org/wiki/Q770833,,,,Pas de géolocalisation
4535,Dutch Posts (Gold Coast),Africa,https://www.wikidata.org/wiki/Q770776,,,,Pas de géolocalisation
4536,Northern Territories (Gold Coast),Africa,https://www.wikidata.org/wiki/Q503623,,,,
4559,Gold Coast-Togoland (Neutral Zone),Africa,https://www.wikidata.org/wiki/Q319125,,,,Pas de géolocalisation
4711,Bamum (Bamoun),Africa,https://www.wikidata.org/wiki/Q1629505,,,,
4735,Kontagora,Africa,https://www.wikidata.org/wiki/Q6430319,,,,
4736,Keana,Africa,https://www.wikidata.org/wiki/Q6382153,,,,Pas de géolocalisation
4737,Fika,Africa,https://www.wikidata.org/wiki/Q5448221,,,,Pas de géolocalisation
4738,Doma (Gara),Africa,,,,,
4741,Abuja (Suleja),Africa,https://www.wikidata.org/wiki/Q1814476,,,,Pas de géolocalisation
4742,Igala,Africa,https://www.wikidata.org/wiki/Q17029087,,,,Pas de géolocalisation
4744,Wukari (Kwararafa),Africa,https://www.wikidata.org/wiki/Q15043630,https://www.wikidata.org/wiki/Q2518009,,,
4746,Yauri,Africa,https://www.wikidata.org/wiki/Q8050352,,,,
4751,Sokoto,Africa,https://www.wikidata.org/wiki/Q600524,,,,
4752,Adamawa,Africa,https://www.wikidata.org/wiki/Q775550,,,,
4753,Bauchi,Africa,https://www.wikidata.org/wiki/Q811144,,,,
4754,Gwandu,Africa,https://www.wikidata.org/wiki/Q1337777,,,,
4755,Hadejia,Africa,https://www.wikidata.org/wiki/Q5637733,,,,
4756,Ilorin,Africa,https://www.wikidata.org/wiki/Q6001098,https://www.wikidata.org/wiki/Q587085,,,
4757,Kano,Africa,https://www.wikidata.org/wiki/Q182984,https://www.wikidata.org/wiki/Q3123512,,,
4758,Katsina,Africa,https://www.wikidata.org/wiki/Q937487,,,,
4759,Katagum,Africa,https://www.wikidata.org/wiki/Q6375000,,,,
4761,Nupe,Africa,https://www.wikidata.org/wiki/Q121869,,,,Pas de géolocalisation
4762,Zaria,Africa,https://www.wikidata.org/wiki/Q147975,,,,
4763,Bornu (Kanem),Africa,https://www.wikidata.org/wiki/Q1139762,,,,Pas de géolocalisation
4765,Mandara,Africa,https://www.wikidata.org/wiki/Q1796221,,,,Pas de géolocalisation
4766,Rabah,Africa,https://www.wikidata.org/wiki/Q7278481,,,,
4768,Egba,Africa,,,,,
4769,Ibadan,Africa,https://www.wikidata.org/wiki/Q183298,,,,
4771,Ife,Africa,https://www.wikidata.org/wiki/Q180084,,,,
4772,Ijaiye,Africa,https://www.wikidata.org/wiki/Q5995069,,,,Pas de géolocalisation
4773,Ijebu,Africa,https://www.wikidata.org/wiki/Q1658023,,,,Pas de géolocalisation
4774,Ilesha,Africa,https://www.wikidata.org/wiki/Q763595,,,,
4775,New Oyo,Africa,https://www.wikidata.org/wiki/Q849623,https://www.wikidata.org/wiki/Q1023703,,,Pas de géolocalisation
4776,Benin (Edo),Africa,https://www.wikidata.org/wiki/Q171203,,,,
4781,Lagos,Africa,http://www.wikidata.org/entity/Q8673,,,,
4782,Oil Rivers Protectorate,Africa,https://www.wikidata.org/wiki/Q2566427,,,,Pas de géolocalisation
4783,Southern Nigeria,Africa,https://www.wikidata.org/wiki/Q2062030,,,,
4784,Northern Nigeria,Africa,https://www.wikidata.org/wiki/Q585408,,,,
4790,Biafra,Africa,https://www.wikidata.org/wiki/Q178469,,,,
4791,Bonny,Africa,https://www.wikidata.org/wiki/Q6412546,,,,
4792,0ld Calabar (Efik),Africa,,https://www.wikidata.org/wiki/Q3527954,,,
4793,New Calabar (Kalabari),Africa,https://www.wikidata.org/wiki/Q6350012,,,,
4794,Opobo,Africa,https://www.wikidata.org/wiki/Q3238928,,,,
4795,Nembe (Brass),Africa,https://www.wikidata.org/wiki/Q3510576,,,,
4796,Okrika,Africa,https://www.wikidata.org/wiki/Q7082573,,,,
4821,Bangassou,Africa,https://www.wikidata.org/wiki/Q806478,,,,
4822,Rafai,Africa,https://www.wikidata.org/wiki/Q665219,,,,
4823,Zemio,Africa,https://www.wikidata.org/wiki/Q55425392,,,,Pas de géolocalisation
4831,Bagirmi,Africa,https://www.wikidata.org/wiki/Q1472873,,,,Pas de géolocalisation
4832,Wadai,Africa,https://www.wikidata.org/wiki/Q1132786,,,,Pas de géolocalisation
4841,Bateke (Anziku),Africa,https://www.wikidata.org/wiki/Q4778463,,,,Pas de géolocalisation
4842,Loango,Africa,https://www.wikidata.org/wiki/Q1479630,,,,
4901,Tippu Tip Empire,Africa,https://www.wikidata.org/wiki/Q60775599,,,,Pas de géolocalisation
4902,Mwata Yamvo (Lunda) ,Africa,https://www.wikidata.org/wiki/Q1796223,,,,Pas de géolocalisation
4903,Kalagne,Africa,,,,,
4904,Baluba,Africa,https://www.wikidata.org/wiki/Q1768252,,,,
4905,Katanga,Africa,https://www.wikidata.org/wiki/Q217242,,,,
4906,Kasai,Africa,https://www.wikidata.org/wiki/Q3820436,,,,Pas de géolocalisation
4907,Msiri (Yeke),Africa,https://www.wikidata.org/wiki/Q3321385,,,,Pas de géolocalisation
4908,Azande,Africa,,https://www.wikidata.org/wiki/Q793575,,,Lien renvoie à un peuple ou une langue
4909,Mangbetu,Africa,,https://www.wikidata.org/wiki/Q1602764,,,
4910,Kuba,Africa,https://www.wikidata.org/wiki/Q209327,,,,Pas de géolocalisation
5001,Buganda,Africa,https://www.wikidata.org/wiki/Q473748,,,,
5002,Ankole,Africa,https://www.wikidata.org/wiki/Q538636,,,,
5003,Bunyoro,Africa,https://www.wikidata.org/wiki/Q889897,,,,Pas de géolocalisation
5004,Busoga,Africa,https://www.wikidata.org/wiki/Q691037,,,,Pas de géolocalisation
5005,Butoro,Africa,,,,,
5006,Rwenzururu,Africa,https://www.wikidata.org/wiki/Q2795682,,,,Pas de géolocalisation
5011,Kenya Protectorate,Africa,https://www.wikidata.org/wiki/Q2538511,,,,Pas de géolocalisation
5012,Mombassa,Africa,https://www.wikidata.org/wiki/Q1112885,,,,
5013,Pate,Africa,https://www.wikidata.org/wiki/Q542168,,,,
5017,Vumbu Kuu,Africa,,,,,
5018,Wanga,Africa,,,,,
5101,Ha,Africa,,,,,
5102,Haya,Africa,https://www.wikidata.org/wiki/Q1824726,,,,
5103,Hehe,Africa,,https://www.wikidata.org/wiki/Q1261861,,,Lien renvoie à un peuple ou une langue
5104,Karagwe,Africa,https://www.wikidata.org/wiki/Q28455505,,,,Pas de géolocalisation
5105,Urambo,Africa,https://www.wikidata.org/wiki/Q2500021,,,,
5106,Gwangara,Africa,,,,,Lien renvoie à un peuple ou une langue
5107,North Gwangara,Africa,,,,,
5108,South Gwangara,Africa,,https://www.wikidata.org/wiki/Q1474869,,,
5200,Italian Somaliland,Africa,https://www.wikidata.org/wiki/Q319984,,,,
5201,Italian East Africa,Africa,https://www.wikidata.org/wiki/Q328478,,,,
5202,Oltre Giuba,Africa,https://www.wikidata.org/wiki/Q1231992,,,,Incomplet
5203,Alula (Majeerteen),Africa,https://www.wikidata.org/wiki/Q448076,https://www.wikidata.org/wiki/Q2257830,,,
5204,Obbia,Africa,https://www.wikidata.org/wiki/Q862404,,,,Pas de géolocalisation
5205,Somali Coast Leased Territory,Africa,,,,,
5206,Puntland,Africa,https://www.wikidata.org/wiki/Q485112,https://www.wikidata.org/wiki/Q822679,,,
5207,Mogadishu,Africa,https://www.wikidata.org/wiki/Q2449,,,,
5208,Merca,Africa,https://www.wikidata.org/wiki/Q657428,,,,
5209,Barawa,Africa,https://www.wikidata.org/wiki/Q613246,,,,
5211,Warsheikh,Africa,https://www.wikidata.org/wiki/Q1016898,,,,
5212,Geledi,Africa,https://www.wikidata.org/wiki/Q862518,,,,
5221,Tadjoura,Africa,http://www.wikidata.org/entity/Q820972,,,,
5222,Obock,Africa,https://www.wikidata.org/wiki/Q844929,,,,
5301,Amhara,Africa,https://www.wikidata.org/wiki/Q2784456,,,,
5302,Gondar,Africa,https://www.wikidata.org/wiki/Q218861,,,,
5303,Shewa,Africa,https://www.wikidata.org/wiki/Q971375,,,,
5304,Tigray,Africa,https://www.wikidata.org/wiki/Q200127,,,,
5305,Gojjam,Africa,https://www.wikidata.org/wiki/Q1533914,,,,
5306,Harar,Africa,https://www.wikidata.org/wiki/Q5372551,,,,Pas de géolocalisation
5307,"Jijega, Reserve Areas and Haud",Africa,,https://www.wikidata.org/wiki/Q755763,,,
5309,Kaffa,Africa,https://www.wikidata.org/wiki/Q1462877,,,,
5321,Limmu-Ennarea,Africa,https://www.wikidata.org/wiki/Q48723590,,,,Pas de géolocalisation
5322,Jimma-Kakka (Jimma Abba Jifar),Africa,https://www.wikidata.org/wiki/Q1759078,,,,
5323,Gera,Africa,https://www.wikidata.org/wiki/Q500965,,,,
5324,Gomma,Africa,https://www.wikidata.org/wiki/Q501684,,,,Pas de géolocalisation
5325,Guma,Africa,https://www.wikidata.org/wiki/Q5618018,,,,Pas de géolocalisation
5331,Assab,Africa,http://www.wikidata.org/entity/Q5785,,,,
5332,Awsa Sultanate,Africa,https://www.wikidata.org/wiki/Q791787,,,,Pas de géolocalisation
5401,Chokwe,Africa,https://www.wikidata.org/wiki/Q618643,,,,
5402,Ovimbundu,Africa,https://www.wikidata.org/wiki/Q214248,,,,
5411,Kionga,Africa,https://www.wikidata.org/wiki/Q1742340,,,,
5511,Citimukulu Bemba,Africa,,,,,
5512,Mwamba Bemba,Africa,,,,,
5513,Barotse,Africa,https://www.wikidata.org/wiki/Q808750,,,,Pas de géolocalisation
5515,Maseko Ngoni,Africa,,,,,
5516,Shangane (Gaza Empire),Africa,https://www.wikidata.org/wiki/Q3780537,,,,
5517,Kazembe,Africa,https://www.wikidata.org/wiki/Q5675285,,,,Pas de géolocalisation
5518,Northeastern Rhodesia,Africa,https://www.wikidata.org/wiki/Q2753015,,,,Pas de géolocalisation
5519,Northwestern Rhodesia,Africa,https://www.wikidata.org/wiki/Q2400545,,,,Pas de géolocalisation
5521,Rozwi,Africa,https://www.wikidata.org/wiki/Q986822,,,,
5522,Ndebele (Matabeleland),Africa,https://www.wikidata.org/wiki/Q1266775,,,,
5523,Mashona,Africa,https://www.wikidata.org/wiki/Q1640913,,,,
5524,Mbelwa Ngoni,Africa,,,,,Lien renvoie à un peuple ou une langue
5525,Mpezeni Ngoni,Africa,https://www.wikidata.org/wiki/Q7135313,,,,Pas de géolocalisation
5526,Kamanga,Africa,,,,,
5531,Zwangendaba Ngoni,Africa,,https://www.wikidata.org/wiki/Q17109664,,,
5532,Ciwere (Chewa),Africa,,https://www.wikidata.org/wiki/Q1071390,,,Lien renvoie à un peuple ou une langue
5601,Zulu,Africa,,https://www.wikidata.org/wiki/Q129962,,,Lien renvoie à un peuple ou une langue
5602,Ndandwe,Africa,,https://www.wikidata.org/wiki/Q3337519,,,Pas de géolocalisation
5603,Mtetwa,Africa,https://www.wikidata.org/wiki/Q600562,,,,
5606,Prince Edward and Marion Is.,Africa,https://www.wikidata.org/wiki/Q46623,,,,
5611,"Griqualand, West",Africa,https://www.wikidata.org/wiki/Q2547918,,,,
5612,British Bechuanaland,Africa,https://www.wikidata.org/wiki/Q4530733,,,,
5613,Stellaland & Goshen,Africa,https://www.wikidata.org/wiki/Q1269234,https://www.wikidata.org/wiki/Q2145397,,,
5614,British Kaffraria,Africa,https://www.wikidata.org/wiki/Q918121,,,,
5615,Lydenburg Republic,Africa,https://www.wikidata.org/wiki/Q220167,,,,Pas de géolocalisation
5618,Zoutpansberg,Africa,https://www.wikidata.org/wiki/Q3110404,,,,
5621,Zululand,Africa,https://www.wikidata.org/wiki/Q729768,,,,
5622,New Republic,Africa,,https://www.wikidata.org/wiki/Q552157,,,
5641,"Griqualand, East",Africa,https://www.wikidata.org/wiki/Q5157575,,,,
5642,Winburg Republic (Natalia Republic),Africa,https://www.wikidata.org/wiki/Q1029847,,,,
5651,Walvis Bay,Africa,http://www.wikidata.org/entity/Q220843,,,,
5711,Bamangwato,Africa,,https://www.wikidata.org/wiki/Q2628797,,,
5796,Ambohimanga (Merina),Africa,https://www.wikidata.org/wiki/Q1071439,,,,
5797,Menabe,Africa,https://www.wikidata.org/wiki/Q1344087,,,,
5798,Antaimoro,Africa,,https://www.wikidata.org/wiki/Q721579,,,
5799,Boina,Africa,https://www.wikidata.org/wiki/Q557842,,,,
5801,Nossi Be,Africa,http://www.wikidata.org/entity/Q1330558,,,,
5802,Diego Suarez,Africa,https://www.wikidata.org/wiki/Q218928,,,,
5803,St. Marie de Madagascar,Africa,https://www.wikidata.org/wiki/Q1321311,,,,
5804,Tromelin I.,Africa,https://www.wikidata.org/wiki/Q234208,,,,
5805,Bassas Da India I.,Africa,https://www.wikidata.org/wiki/Q220601,,,,
5806,Europa I.,Africa,https://www.wikidata.org/wiki/Q193089,,,,
5807,Juan de Nova I.,Africa,https://www.wikidata.org/wiki/Q237034,,,,
5808,Glorioso I.,Africa,https://www.wikidata.org/wiki/Q236601,,,,
5809,Fort Dauphin,Africa,https://www.wikidata.org/wiki/Q526568,,,,
5811,Grand Comoro,Africa,https://www.wikidata.org/wiki/Q244978,,,,
5812,Mayotte,Africa,http://www.wikidata.org/entity/Q17063,,,,
5813,Anjouan,Africa,http://www.wikidata.org/entity/Q231324,,,,
5814,Moheli,Africa,https://www.wikidata.org/wiki/Q271797,,,,
5815,Andruna,Africa,https://www.wikidata.org/wiki/Q22248237,,,,
5901,Rodrigues I.,Africa,https://www.wikidata.org/wiki/Q208668,,,,
5902,Agalega Is.,Africa,https://www.wikidata.org/wiki/Q196042,,,,
5903,Cargados Carajos Shoals,Africa,https://www.wikidata.org/wiki/Q511859,,,,
5920,British Indian Ocean Territory (Chagos Archipelago),Africa,https://www.wikidata.org/wiki/Q43448,,,,
6001,Oujda,Africa,https://www.wikidata.org/wiki/Q193802,,,,
6021,Southern zone of Spanish Morocco,Africa,https://www.wikidata.org/wiki/Q1538846,,,,
6023,Republic of the Rif,Africa,https://www.wikidata.org/wiki/Q37102,,,,
6030,Tetuan,Africa,http://www.wikidata.org/entity/Q185157,,,,
6061,Alhucemas,Africa,https://www.wikidata.org/wiki/Q1184963,,,,
6062,Ceuta,Africa,http://www.wikidata.org/entity/Q5823,,,,
6063,Chafarinas,Africa,http://www.wikidata.org/entity/Q130574,,,,
6064,Melilla,Africa,http://www.wikidata.org/entity/Q5831,,,,
6065,Penon de Velez,Africa,http://www.wikidata.org/entity/Q191146,,,,
6066,Morocco-Melilla Neutral Zone,Africa,https://www.wikidata.org/wiki/Q2748217,,,,
6067,Captaincy-general of north Africa,Africa,,,,,
6151,Abdelkader Emirate,Africa,https://www.wikidata.org/wiki/Q3591817,https://www.wikidata.org/wiki/Q545707,,,
6152,Kabylie,Africa,https://www.wikidata.org/wiki/Q46178,,,,
6153,Leased Posts in Algeria,Africa,,,,,
6161,Bizerte,Africa,https://www.wikidata.org/wiki/Q189546,,,,
6201,Sanussid Cyrenaica,Africa,,https://www.wikidata.org/wiki/Q165198,,,
6202,Cyrenaica,Africa,http://www.wikidata.org/entity/Q165198,,,,
6203,Tripolitania,Africa,http://www.wikidata.org/entity/Q192435,,,,
6251,Darfur,Africa,https://www.wikidata.org/wiki/Q1474791,,,,
6252,Funj Sultanate,Africa,https://www.wikidata.org/wiki/Q1475713,,,,
6253,Kordofan,Africa,https://www.wikidata.org/wiki/Q867052,,,,
6254,Mahdist Empire,Africa,https://www.wikidata.org/wiki/Q3125368,,,,
6255,Shilluk,Africa,,https://www.wikidata.org/wiki/Q3482103,,,
6256,North Kordofan,Africa,https://www.wikidata.org/wiki/Q864093,,,,
6257,South Kordofan,Africa,https://www.wikidata.org/wiki/Q465490,,,,
6258,West Kordofan,Africa,https://www.wikidata.org/wiki/Q536396,,,,
6301,Mahabad,Asia,https://www.wikidata.org/wiki/Q335518,,,,
6302,Iranian Azerbaijan,Asia,https://www.wikidata.org/wiki/Q274536,https://www.wikidata.org/wiki/Q2305337,,,
6303,Gilan,Asia,https://www.wikidata.org/wiki/Q928828,,,,
6304,Khuzestan,Asia,https://www.wikidata.org/wiki/Q241119,,,,
6305,Bushire,Asia,https://www.wikidata.org/wiki/Q158928,https://www.wikidata.org/wiki/Q132945,,,
6306,Bandar Abbas,Asia,https://www.wikidata.org/wiki/Q154814,,,,
6309,Kharg I.,Asia,https://www.wikidata.org/wiki/Q913355,,,,
6401,Cilicia,Asia,https://www.wikidata.org/wiki/Q620864,,,,
6402,Western Anatolia,Asia,https://www.wikidata.org/wiki/Q51614,,,,
6403,Hatay (Alexandretta),Asia,https://www.wikidata.org/wiki/Q83274,https://www.wikidata.org/wiki/Q146761,,,
6404,Adalia,Asia,https://www.wikidata.org/wiki/Q6487,,,,
6405,Dardanelles-Istanbul,Asia,https://www.wikidata.org/wiki/Q406,,,,
6451,Iraq-Saudi Arabia Neutral Zone,Asia,https://www.wikidata.org/wiki/Q15710,,,,
6452,Iraq Occupation Zone,Asia,,,,,
6453,Iraq-Kuwait Demilitarized Zone,Asia,https://www.wikidata.org/wiki/Q2682087,,,,
6454,Kurdistan Occupation Zone,Asia,,https://www.wikidata.org/wiki/Q205047,,,
6511,Gaza,Asia,https://www.wikidata.org/wiki/Q39760,,,,
6512,Sinai,Asia,https://www.wikidata.org/wiki/Q36755,,,,
6513,Sinai Demilitarized Zones,Asia,,,,,
6514,Suez Canal Zone,Asia,https://www.wikidata.org/wiki/Q899,,,,
6521,Golan Heights,Asia,https://www.wikidata.org/wiki/Q83210,,,,
6522,Golan Heights Demilitarized Zone,Asia,,,,,
6523,Rouad I.,Asia,https://www.wikidata.org/wiki/Q377802,,,,
6524,Damascus,Asia,https://www.wikidata.org/wiki/Q3766,,,,
6525,Aleppo,Asia,http://www.wikidata.org/entity/Q41183,,,,
6526,Latakia (Alaouites),Asia,https://www.wikidata.org/wiki/Q200030,,,,
6527,Jebel Druze,Asia,https://www.wikidata.org/wiki/Q146740,,,,
6601,South Lebanon Security Zone (Free Statefo South Lebanon),Asia,https://www.wikidata.org/wiki/Q30633791,https://www.wikidata.org/wiki/Q12408854,,,
6631,West Bank,Asia,https://www.wikidata.org/wiki/Q36678,,,,
6632,Israel-Jordan Neutral Zone,Asia,,https://www.wikidata.org/wiki/Q312818,,,
6661,Al Auja,Asia,https://www.wikidata.org/wiki/Q2895271,,,,
6800,Socotra I.,Asia,https://www.wikidata.org/wiki/Q2860218,,,,
6801,Federation of South Arabia,Asia,http://www.wikidata.org/entity/Q834486,,,,
6802,Perim I.,Asia,https://www.wikidata.org/wiki/Q1160017,,,,
6803,Federation of Arab Emirates of the South,Asia,https://www.wikidata.org/wiki/Q1479724,,,,
6811,West Aden Protectorate,Asia,https://www.wikidata.org/wiki/Q1752951,,,,
6812,East Aden Protectorate,Asia,https://www.wikidata.org/wiki/Q310772,,,,
6821,Lahej,Asia,https://www.wikidata.org/wiki/Q404774,,,,
6822,Aqrabi,Asia,https://www.wikidata.org/wiki/Q2121850,,,,
6823,Dhala,Asia,https://www.wikidata.org/wiki/Q6415938,,,,
6824,Radfan,Asia,,https://www.wikidata.org/wiki/Q3436040,,,
6825,Alawi,Asia,https://www.wikidata.org/wiki/Q2121839,,,,
6826,Haushabi,Asia,https://www.wikidata.org/wiki/Q1591062,,,,
6827,Maflahi,Asia,https://www.wikidata.org/wiki/Q751372,,,,
6828,Shaibi,Asia,https://www.wikidata.org/wiki/Q925899,,,,
6829,Upper Yafai,Asia,https://www.wikidata.org/wiki/Q1367119,,,,
6831,Lower Yafai,Asia,https://www.wikidata.org/wiki/Q1295806,,,,
6832,Fadhli,Asia,https://www.wikidata.org/wiki/Q182279,,,,
6833,Beihan,Asia,https://www.wikidata.org/wiki/Q2485209,,,,
6834,Audhali,Asia,https://www.wikidata.org/wiki/Q758709,,,,
6835,Upper Aulaqi (Sultanate),Asia,https://www.wikidata.org/wiki/Q1897860,,,,
6836,Upper Aulaqi (Sheikhdom),Asia,https://www.wikidata.org/wiki/Q1641428,,,,
6837,Lower Aulaqi,Asia,https://www.wikidata.org/wiki/Q2121845,,,,
6838,Dathina Confederation,Asia,https://www.wikidata.org/wiki/Q1172593,,,,
6841,Wahidi,Asia,https://www.wikidata.org/wiki/Q1897800,,,,
6842,Haura,Asia,https://www.wikidata.org/wiki/Q65050489,,,,
6843,Irqa,Asia,https://www.wikidata.org/wiki/Q65051443,,,,
6844,Kathiri of Seiyun,Asia,https://www.wikidata.org/wiki/Q1296908,,,,
6845,Quaiti of Shihr and Mukalla,Asia,https://www.wikidata.org/wiki/Q202775,,,,
6846,Mahri of Qishn and Socotra,Asia,https://www.wikidata.org/wiki/Q1885093,,,,
6901,Neutral Zone (Kuwait-Saudi Arabia),Asia,https://www.wikidata.org/wiki/Q74091,,,,
6959,Buraimi Neutral Zone,Asia,https://www.wikidata.org/wiki/Q852039,https://www.wikidata.org/wiki/Q61439267,,,
6961,Abu Dhabi,Asia,https://www.wikidata.org/wiki/Q187712,https://www.wikidata.org/wiki/Q1519,,,
6962,Dubai,Asia,https://www.wikidata.org/wiki/Q613,https://www.wikidata.org/wiki/Q612,,,
6963,Sharjah,Asia,https://www.wikidata.org/wiki/Q188810,https://www.wikidata.org/wiki/Q289693,,,
6964,Kalba,Asia,https://www.wikidata.org/wiki/Q2204078,,,,
6965,Ajman,Asia,https://www.wikidata.org/wiki/Q159477,https://www.wikidata.org/wiki/Q530171,,,
6966,Umm al Qawain,Asia,https://www.wikidata.org/wiki/Q175021,,,,
6967,Ras al Khaimah,Asia,https://www.wikidata.org/wiki/Q170024,,,,
6968,Fujairah,Asia,https://www.wikidata.org/wiki/Q4091,https://www.wikidata.org/wiki/Q4045,,,
6969,Abu Dhabi-Dubai Neutral Zone,Asia,,,,,
6971,Abu Musa I.,Asia,https://www.wikidata.org/wiki/Q167217,,,,
6981,Inner Oman,Asia,,https://www.wikidata.org/wiki/Q2342282,,,
6982,Kuria Muria Is.,Asia,https://www.wikidata.org/wiki/Q521176,,,,
6983,Oman-Sharjah Neutral Zone,Asia,,,,,
7001,Kabul,Asia,https://www.wikidata.org/wiki/Q188933,https://www.wikidata.org/wiki/Q5838,,,
7002,Kandahar,Asia,https://www.wikidata.org/wiki/Q173808,,,,
7003,Herat,Asia,https://www.wikidata.org/wiki/Q182844,,,,
7004,Badakhshan,Asia,https://www.wikidata.org/wiki/Q165376,,,,
7010,Kokand,Asia,https://www.wikidata.org/wiki/Q696241,,,,
7020,Bokhara,Asia,https://www.wikidata.org/wiki/Q746558,,,,
7021,Gorno Badakhshan,Asia,https://www.wikidata.org/wiki/Q207319,,,,
7030,Khiva,Asia,https://www.wikidata.org/wiki/Q491106,,,,
7031,Karakalpakstan,Asia,https://www.wikidata.org/wiki/Q484245,,,,
7040,Kazakh Lesser Horde,Asia,,https://www.wikidata.org/wiki/Q4208097,,,
7050,Kazakh Middle Horde,Asia,,https://www.wikidata.org/wiki/Q4208097,,,
7060,Kazakh Horde of Bukey,Asia,,https://www.wikidata.org/wiki/Q129799,,,Pas de géolocalisation
7070,Kazakh Greater Horde,Asia,,https://www.wikidata.org/wiki/Q4208097,,,Pas de géolocalisation
7100,Spratley Is.,Asia,https://www.wikidata.org/wiki/Q215664,,,,
7101,Ping-nan,Asia,https://www.wikidata.org/wiki/Q1355243,,,,
7102,Jungaria,Asia,https://www.wikidata.org/wiki/Q284027,,,,
7103,Kashgar,Asia,https://www.wikidata.org/wiki/Q170521,,,,
7104,Kwangtung Territory (Leased),Asia,https://www.wikidata.org/wiki/Q678658,,,,
7105,Weihaiwei,Asia,https://www.wikidata.org/wiki/Q373023,,,,
7106,Tientsin,Asia,https://www.wikidata.org/wiki/Q11736,,,,
7107,Anhwei-Fukien,Asia,,https://www.wikidata.org/wiki/Q40956,,,
7108,Yangtze Valley,Asia,https://www.wikidata.org/wiki/Q5413,,,,
7109,Yunnan,Asia,https://www.wikidata.org/wiki/Q43194,,,,
7110,Kwanchowan,Asia,https://www.wikidata.org/wiki/Q1506615,,,,
7111,Manchuria,Asia,http://www.wikidata.org/entity/Q81126,,,,
7112,Szechwan (Sichuan),Asia,https://www.wikidata.org/wiki/Q19770,,,,
7113,Chinghai (Tsinghai),Asia,https://www.wikidata.org/wiki/Q45833,,,,
7114,Xinjiang (Sinkiang),Asia,https://www.wikidata.org/wiki/Q34800,,,,
7115,Provisional Government of the Republic of China,Asia,https://www.wikidata.org/wiki/Q704714,,,,Pas de géolocalisation
7116,Reformed Government of China,Asia,https://www.wikidata.org/wiki/Q708865,,,,Pas de géolocalisation
7117,Reorganized National Government of the Republic of China,Asia,https://www.wikidata.org/wiki/Q696242,,,,
7118,Ningxia,Asia,https://www.wikidata.org/wiki/Q57448,,,,
7121,Inner Mongolia,Asia,https://www.wikidata.org/wiki/Q41079,,,,
7131,Diaoyu (Senkaku) Is.,Asia,https://www.wikidata.org/wiki/Q29460,,,,
7220,Kiauchau,Asia,https://www.wikidata.org/wiki/Q2591393,https://www.wikidata.org/wiki/Q489170,https://www.wikidata.org/wiki/Q2591393,,
7301,Port Hamilton (Komundo),Asia,https://www.wikidata.org/wiki/Q490697,,,,
7302,Kaesong,Asia,https://www.wikidata.org/wiki/Q109079,,,,
7311,Sinuiju,Asia,https://www.wikidata.org/wiki/Q156243,,,,
7312,Kumgangsan,Asia,,https://www.wikidata.org/wiki/Q495501,,,
7330,Korean Demilitarized Zone,Asia,https://www.wikidata.org/wiki/Q331990,,,,
7351,Southern Sakhalin I.,Asia,https://www.wikidata.org/wiki/Q7792,,,,
7352,Vladivostok,Asia,https://www.wikidata.org/wiki/Q959,,,,
7360,Tuvan People's Republic,Asia,https://www.wikidata.org/wiki/Q816709,,,,
7399,Takeshima (Dokdo) I.,Asia,https://www.wikidata.org/wiki/Q20317,,,,
7411,Bonin Is.,Asia,https://www.wikidata.org/wiki/Q243634,,,,
7412,Volcano Is.,Asia,https://www.wikidata.org/wiki/Q1141683,,,,
7413,Marcus I.,Asia,https://www.wikidata.org/wiki/Q1047492,,,,
7414,Parece Vela I.,Asia,https://www.wikidata.org/wiki/Q908529,,,,
7415,Tsushima Is.,Asia,https://www.wikidata.org/wiki/Q52051,,,,
7500,Andaman and Nicobar I.,Asia,http://www.wikidata.org/entity/Q40888,,,,
7501,Andaman Is.,Asia,https://www.wikidata.org/wiki/Q186233,,,,
7502,Nicobar Is.,Asia,https://www.wikidata.org/wiki/Q157286,,,,
7503,Coromandel Coast Posts,Asia,,https://www.wikidata.org/wiki/Q182561,,,
7504,Tranquebar and Serampore,Asia,,https://www.wikidata.org/wiki/Q1815367,https://www.wikidata.org/wiki/Q732594,,
7505,Hyderabad,Asia,https://www.wikidata.org/wiki/Q1361,https://www.wikidata.org/wiki/Q4494730,,,
7507,Kashmir,Asia,https://www.wikidata.org/wiki/Q2571484,https://www.wikidata.org/wiki/Q43100,,,
7511,Bikaner,Asia,https://www.wikidata.org/wiki/Q859966,,,,
7512,Jaipur,Asia,https://www.wikidata.org/wiki/Q6124144,,,,
7513,Udaipur,Asia,https://www.wikidata.org/wiki/Q17319155,,,,
7514,Kishangarh,Asia,https://www.wikidata.org/wiki/Q6416549,,,,
7515,Lawa,Asia,https://www.wikidata.org/wiki/Q6503547,,,,
7516,Jodhpur,Asia,https://www.wikidata.org/wiki/Q6207845,,,,
7517,Jaisalmer,Asia,https://www.wikidata.org/wiki/Q1678784,,,,
7518,Dholpur,Asia,https://www.wikidata.org/wiki/Q1264412,,,,
7519,Karauli,Asia,https://www.wikidata.org/wiki/Q6368814,,,,
7521,Kotah,Asia,https://www.wikidata.org/wiki/Q1785349,,,,
7522,Banswara,Asia,https://www.wikidata.org/wiki/Q806963,,,,
7523,Dungarpur,Asia,https://www.wikidata.org/wiki/Q973433,,,,
7524,Dartabgarh,Asia,,,,,
7525,Kushalgar,Asia,https://www.wikidata.org/wiki/Q2234705,,,,Wikidata correspond à la ville mais pas au territoire historique
7526,Bundi,Asia,https://www.wikidata.org/wiki/Q4997536,,,,
7527,Tonk,Asia,https://www.wikidata.org/wiki/Q914031,,,,
7528,Pratapgarh,Asia,https://www.wikidata.org/wiki/Q175934,,,,
7529,Shahpura,Asia,https://www.wikidata.org/wiki/Q2276431,,,,
7531,Kathiawar,Asia,https://www.wikidata.org/wiki/Q1139314,https://www.wikidata.org/wiki/Q21075480,,,
7532,Holkar (Indore),Asia,https://www.wikidata.org/wiki/Q716890,,,,
7533,Bhopal,Asia,https://www.wikidata.org/wiki/Q855044,,,,
7534,Dhar,Asia,https://www.wikidata.org/wiki/Q1207561,,,,
7535,Dewas,Asia,https://www.wikidata.org/wiki/Q1207105,https://www.wikidata.org/wiki/Q3025563,https://www.wikidata.org/wiki/Q3025560,,
7536,Taraon,Asia,https://www.wikidata.org/wiki/Q18008280,,,,
7537,Samptar,Asia,https://www.wikidata.org/wiki/Q1172600,,,,
7538,Rewa,Asia,https://www.wikidata.org/wiki/Q176466,,,,
7539,Sawantwadi,Asia,https://www.wikidata.org/wiki/Q18164343,,,,
7541,Bilaspur,Asia,https://www.wikidata.org/wiki/Q100157,,,,
7542,Loharu,Asia,https://www.wikidata.org/wiki/Q3258086,,,,
7543,Malerkotla,Asia,https://www.wikidata.org/wiki/Q11934705,,,,
7544,Sirmur,Asia,https://www.wikidata.org/wiki/Q1541353,,,,
7545,Suket,Asia,https://www.wikidata.org/wiki/Q3503368,,,,
7546,Garwahl,Asia,https://www.wikidata.org/wiki/Q1381495,,,,
7548,Bagelkhand,Asia,https://www.wikidata.org/wiki/Q3628827,,,,Pas de géolocalisation
7549,Bundelkhand,Asia,https://www.wikidata.org/wiki/Q851955,,,,
7551,Malwa,Asia,https://www.wikidata.org/wiki/Q550691,,,,
7552,Khairpur,Asia,https://www.wikidata.org/wiki/Q2512083,,,,
7553,Idar,Asia,https://www.wikidata.org/wiki/Q1755548,,,,
7554,Saugor,Asia,https://www.wikidata.org/wiki/Q1006355,https://www.wikidata.org/wiki/Q2085421,https://www.wikidata.org/wiki/Q2345044,,
7555,Damoh,Asia,https://www.wikidata.org/wiki/Q1192231,,,,
7556,Berar,Asia,https://www.wikidata.org/wiki/Q17509398,https://www.wikidata.org/wiki/Q2983297,,,
7557,Khandesh,Asia,https://www.wikidata.org/wiki/Q598803,,,,
7558,Nasik,Asia,https://www.wikidata.org/wiki/Q200235,,,,
7559,Ahmadnagar,Asia,https://www.wikidata.org/wiki/Q1708155,,,,
7561,Poona,Asia,https://www.wikidata.org/wiki/Q1538,,,,
7562,Sholapur,Asia,https://www.wikidata.org/wiki/Q237847,https://www.wikidata.org/wiki/Q1797263,,,
7563,Ratnagiri,Asia,https://www.wikidata.org/wiki/Q1922257,https://www.wikidata.org/wiki/Q1771768,,,
7564,Bijapur,Asia,https://www.wikidata.org/wiki/Q3636023,,,,
7566,Travancore,Asia,https://www.wikidata.org/wiki/Q150058,,,,
7570,Junagadh,Asia,https://www.wikidata.org/wiki/Q14491604,,,,
7571,Sirohi,Asia,https://www.wikidata.org/wiki/Q7530545,,,,
7572,Assam,Asia,http://www.wikidata.org/entity/Q1164,,,,
7573,Kapurthala,Asia,https://www.wikidata.org/wiki/Q1728782,,,,
7574,Chota Nagpur,Asia,https://www.wikidata.org/wiki/Q5105376,,,,
7575,Kodagu (Coorg),Asia,https://www.wikidata.org/wiki/Q1553185,,,,
7576,Karnal,Asia,https://www.wikidata.org/wiki/Q256194,,,,
7577,Sambalpur,Asia,https://www.wikidata.org/wiki/Q17315177,,,,
7578,Satara,Asia,https://www.wikidata.org/wiki/Q581562,,,,
7579,Gwalior (Sindhia),Asia,https://www.wikidata.org/wiki/Q1557792,,,,
7581,Jhansi,Asia,https://www.wikidata.org/wiki/Q242995,,,,
7582,Rampur,Asia,https://www.wikidata.org/wiki/Q3454186,,,,
7583,Jubbulpore,Asia,https://www.wikidata.org/wiki/Q200878,,,,
7584,Balaghat,Asia,https://www.wikidata.org/wiki/Q641904,,,,
7585,Nagpur,Asia,https://www.wikidata.org/wiki/Q1513,https://www.wikidata.org/wiki/Q3824858,,,
7586,Oudh,Asia,https://www.wikidata.org/wiki/Q18129046,,,,
7587,Manipur,Asia,https://www.wikidata.org/wiki/Q889030,,,,
7588,Baluchistan (Kalat),Asia,https://www.wikidata.org/wiki/Q139948,,,,
7589,Maratha Empire,Asia,https://www.wikidata.org/wiki/Q83618,,,,
7691,Lahore (Sikh Empire),Asia,https://www.wikidata.org/wiki/Q11739,,,,
7692,Peshawar,Asia,https://www.wikidata.org/wiki/Q1113311,,,,
7693,Sindh,Asia,http://www.wikidata.org/entity/Q37211,,,,
7694,Bahawalpur,Asia,https://www.wikidata.org/wiki/Q800236,,,,
7701,Swat,Asia,https://www.wikidata.org/wiki/Q3246260,https://www.wikidata.org/wiki/Q389161,,,
7702,Hunza,Asia,https://www.wikidata.org/wiki/Q14957246,,,,
7703,Nagar,Asia,https://www.wikidata.org/wiki/Q372426,,,,
7704,Chitral,Asia,https://www.wikidata.org/wiki/Q11317232,,,,
7705,Dir,Asia,https://www.wikidata.org/wiki/Q3243592,https://www.wikidata.org/wiki/Q3406890,,,
7706,Amb,Asia,https://www.wikidata.org/wiki/Q2841472,,,,
7707,Gwadar,Asia,https://www.wikidata.org/wiki/Q580533,,,,
7708,Azad Kashmir,Asia,https://www.wikidata.org/wiki/Q200130,,,,
7709,Northern Areas (of Kashmir),Asia,https://www.wikidata.org/wiki/Q200697,,,,
7712,Tin Bigha,Asia,https://www.wikidata.org/wiki/Q4233073,,,,
7746,Bawlake,Asia,https://www.wikidata.org/wiki/Q7987998,,,,Pas de géolocalisation
7747,Kyebogyi,Asia,https://www.wikidata.org/wiki/Q7987998,,,,Pas de géolocalisation
7748,Naungpale,Asia,https://www.wikidata.org/wiki/Q7987998,,,,Pas de géolocalisation
7749,Nammekon,Asia,https://www.wikidata.org/wiki/Q7987998,https://www.wikidata.org/wiki/Q12901160,,,
7750,Hsenwi,Asia,https://www.wikidata.org/wiki/Q783492,,,,
7751,Hsipaw,Asia,https://www.wikidata.org/wiki/Q18125758,,,,
7752,Tawngpeng,Asia,https://www.wikidata.org/wiki/Q784604,,,,
7753,North Hsenwi,Asia,https://www.wikidata.org/wiki/Q18128805,,,,
7754,South Hsenwi,Asia,https://www.wikidata.org/wiki/Q11028231,,,,
7755,Mang Lon,Asia,https://www.wikidata.org/wiki/Q6745355,,,,
7756,Hsamonghkam,Asia,https://www.wikidata.org/wiki/Q5924152,https://www.wikidata.org/wiki/Q4821924,,,
7757,Kyawkku,Asia,https://www.wikidata.org/wiki/Q25248195,,,,
7758,Kyong,Asia,https://www.wikidata.org/wiki/Q6452045,,,,
7759,Loi Ai,Asia,https://www.wikidata.org/wiki/Q6668062,,,,
7760,Loi Long,Asia,https://www.wikidata.org/wiki/Q769533,https://www.wikidata.org/wiki/Q7196260,,,
7761,Loi Maw,Asia,,,,,
7762,Maw,Asia,https://www.wikidata.org/wiki/Q6746014,,,,
7763,Mawnang,Asia,https://www.wikidata.org/wiki/Q16937734,,,,
7764,Mawson,Asia,https://www.wikidata.org/wiki/Q6794457,,,,Pas de géolocalisation
7765,Namhkam,Asia,https://www.wikidata.org/wiki/Q11938356,https://www.wikidata.org/wiki/Q6963579,,,Pas de géolocalisation
7766,Namtok,Asia,https://www.wikidata.org/wiki/Q775848,,,,
7767,Pangmi,Asia,https://www.wikidata.org/wiki/Q642143,,,,Pas de géolocalisation
7768,Pangtara,Asia,https://www.wikidata.org/wiki/Q25182697,,,,
7769,Pwehla,Asia,https://www.wikidata.org/wiki/Q7207854,,,,Pas de géolocalisation
7770,Yengan,Asia,https://www.wikidata.org/wiki/Q11955494,,,,Pas de géolocalisation
7771,Yawnghwe,Asia,https://www.wikidata.org/wiki/Q18750170,,,,
7772,Lawksawk,Asia,https://www.wikidata.org/wiki/Q18164160,,,,
7773,Wanyin,Asia,https://www.wikidata.org/wiki/Q675039,,,,Pas de géolocalisation
7774,Samka,Asia,https://www.wikidata.org/wiki/Q7409604,,,,
7775,Hsahtung,Asia,https://www.wikidata.org/wiki/Q5924160,https://www.wikidata.org/wiki/Q5924170,,,
7776,Hopong,Asia,https://www.wikidata.org/wiki/Q18125697,https://www.wikidata.org/wiki/Q5901153,,,
7777,Namhkok,Asia,https://www.wikidata.org/wiki/Q6746736,,,,
7778,Mong Pai,Asia,https://www.wikidata.org/wiki/Q6746318,,,,
7779,Nawng Wawn,Asia,https://www.wikidata.org/wiki/Q6746031,,,,
7780,Sa-koi,Asia,https://www.wikidata.org/wiki/Q6745279,,,,
7781,Lai Hka,Asia,https://www.wikidata.org/wiki/Q636410,,,,
7782,Mong Kung,Asia,https://www.wikidata.org/wiki/Q675065,,,,
7783,Mong Nai,Asia,https://www.wikidata.org/wiki/Q18128147,https://www.wikidata.org/wiki/Q3813839,,,
7784,Mawkmai,Asia,https://www.wikidata.org/wiki/Q18127914,https://www.wikidata.org/wiki/Q6794415,,,
7785,Mong Pawn,Asia,https://www.wikidata.org/wiki/Q6745336,,,,
7786,Mong Sit,Asia,https://www.wikidata.org/wiki/Q6745994,,,,
7787,Mong Pan,Asia,https://www.wikidata.org/wiki/Q6899434,,,,
7788,Kenghkam,Asia,https://www.wikidata.org/wiki/Q6389182,,,,
7789,Mong Nawng,Asia,https://www.wikidata.org/wiki/Q25047819,,,,
7790,Kehsi Mansam,Asia,https://www.wikidata.org/wiki/Q6383508,,,,
7791,Keng Lon,Asia,https://www.wikidata.org/wiki/Q770681,,,,
7792,Mong Hsu,Asia,https://www.wikidata.org/wiki/Q13071989,,,,
7793,Keng Tung,Asia,https://www.wikidata.org/wiki/Q1027111,,,,
7794,Hsawnghsup,Asia,https://www.wikidata.org/wiki/Q11926139,,,,
7795,Singkaling Hkamti,Asia,https://www.wikidata.org/wiki/Q7522813,,,,
7796,Mong Mit,Asia,https://www.wikidata.org/wiki/Q3319734,,,,
7797,Hkamti Long,Asia,https://www.wikidata.org/wiki/Q19459677,,,,
7798,Western Karenni,Asia,https://www.wikidata.org/wiki/Q18126598,https://www.wikidata.org/wiki/Q7987998,,,
7799,Kantarawadi (Eastern Karenni),Asia,https://www.wikidata.org/wiki/Q18126598,https://en.wikipedia.org/wiki/Kantarawadi,,,Pas de wikidata pour la page wikipédia sur Kantarawadi?
7806,Jaffna Peninsula,Asia,https://www.wikidata.org/wiki/Q2495624,,,,
7910,Tibet,Asia,https://www.wikidata.org/wiki/Q17252,https://www.wikidata.org/wiki/Q2444884,,,
8001,Chiang Mai (Lan-na),Asia,https://www.wikidata.org/wiki/Q233588,,,,
8002,Pattani,Asia,https://www.wikidata.org/wiki/Q236781,,,,
8121,Vientiane,Asia,https://www.wikidata.org/wiki/Q9326,,,,
8122,Luang Prabang (Lan Sang),Asia,https://www.wikidata.org/wiki/Q190165,,,,
8123,Xiangkhouang,Asia,https://www.wikidata.org/wiki/Q465947,,,,
8124,Champassak,Asia,https://www.wikidata.org/wiki/Q334888,,,,
8151,Cochin China,Asia,https://www.wikidata.org/wiki/Q19955896,,,,
8152,Annam,Asia,http://www.wikidata.org/entity/Q10828323,,,,
8153,Tonkin,Asia,http://www.wikidata.org/entity/Q1858,,,,
8171,Paracel Is.,Asia,https://www.wikidata.org/wiki/Q274388,,,,
8201,Perak,Asia,http://www.wikidata.org/entity/Q188953,,,,
8202,Selangore,Asia,https://www.wikidata.org/wiki/Q189710,,,,
8203,Pahang,Asia,http://www.wikidata.org/entity/Q191346,,,,
8210,Negeri Sembilan,Asia,http://www.wikidata.org/entity/Q213893,,,,
8211,Seremban (Songei Ujong),Asia,https://www.wikidata.org/wiki/Q847610,,,,
8212,Rembau,Asia,https://www.wikidata.org/wiki/Q2219158,,,,Incomplet
8213,Seri Menanti,Asia,https://www.wikidata.org/wiki/Q3132595,,,,
8214,Ulu Muar,Asia,https://www.wikidata.org/wiki/Q1832744,,,,
8215,Jempol,Asia,https://www.wikidata.org/wiki/Q2048692,,,,
8216,Johol,Asia,https://www.wikidata.org/wiki/Q3826219,,,,
8217,Tampin,Asia,https://www.wikidata.org/wiki/Q2219146,,,,
8221,Johore,Asia,https://www.wikidata.org/wiki/Q183032,,,,
8222,Kedah,Asia,http://www.wikidata.org/entity/Q188947,,,,
8223,Kelantan,Asia,http://www.wikidata.org/entity/Q185944,,,,
8224,Perlis,Asia,http://www.wikidata.org/entity/Q213467,,,,
8225,Trengganu,Asia,http://www.wikidata.org/entity/Q189701,,,,
8231,Labuan I.,Asia,https://www.wikidata.org/wiki/Q214504,,,,
8271,Malacca,Asia,http://www.wikidata.org/entity/Q185221,,,,
8272,Penang,Asia,http://www.wikidata.org/entity/Q188096,,,,
8401,Sulu Sultanate,Asia,https://www.wikidata.org/wiki/Q422065,,,,
8402,Bohol,Asia,https://www.wikidata.org/wiki/Q6497558,,,,
8403,Mindanao,Asia,https://www.wikidata.org/wiki/Q124873,,,,
8525,Sambas,Asia,http://www.wikidata.org/entity/Q14164,,,,
8531,Atjeh,Asia,https://www.wikidata.org/wiki/Q1823,,,,
8532,Deli,Asia,https://www.wikidata.org/wiki/Q5804,https://www.wikidata.org/wiki/Q2030015,,,
8533,Siak,Asia,https://www.wikidata.org/wiki/Q7777,,,,
8534,Minangkabau (Melayu),Asia,https://www.wikidata.org/wiki/Q3112053,,,,Pas de géolocalisation
8535,Kulon,Asia,https://www.wikidata.org/wiki/Q11479,,,,
8536,Jambi,Asia,https://www.wikidata.org/wiki/Q2051,,,,
8537,Palembang,Asia,http://www.wikidata.org/entity/Q8131,,,,
8538,Kutai,Asia,https://www.wikidata.org/wiki/Q1794655,,,,Pas de géolocalisation
8539,Toraja,Asia,https://www.wikidata.org/wiki/Q14632,,,,
8541,Bali,Asia,https://www.wikidata.org/wiki/Q12491027,,,,
8542,Lombok,Asia,http://www.wikidata.org/entity/Q7564,,,,
8543,Banjermassin,Asia,https://www.wikidata.org/wiki/Q14182,,,,
8544,Riau,Asia,http://www.wikidata.org/entity/Q2175,,,,
8545,Tapanuli Selatan (Angkola),Asia,https://www.wikidata.org/wiki/Q5914,,,,
8546,Mandailing,Asia,https://www.wikidata.org/wiki/Q5837,,,,
8547,Tapanuli,Asia,https://www.wikidata.org/wiki/Q16972714,https://www.wikidata.org/wiki/Q5984,,,
8548,Lampung,Asia,https://www.wikidata.org/wiki/Q2110,,,,
8549,Buni,Asia,,,,,
8551,Indrapura,Asia,https://www.wikidata.org/wiki/Q3482884,,,,
8552,Bone,Asia,https://www.wikidata.org/wiki/Q14595,,,,
8553,Gowa,Asia,https://www.wikidata.org/wiki/Q14601,https://www.wikidata.org/wiki/Q1408641,,,
8554,Luwu,Asia,https://www.wikidata.org/wiki/Q14604,,,,
8555,Bencoolen,Asia,https://www.wikidata.org/wiki/Q1890,,,,
8560,Buleleng,Asia,https://www.wikidata.org/wiki/Q11495,,,,
8561,Jembrana,Asia,https://www.wikidata.org/wiki/Q11499,,,,
9001,Christmas I.,Oceania,https://www.wikidata.org/wiki/Q31063,,,,
9002,Cocos (Keeling) Is.,Oceania,https://www.wikidata.org/wiki/Q36004,,,,
9003,Coral Sea Is.,Oceania,https://www.wikidata.org/wiki/Q172216,,,,
9004,Norfolk I.,Oceania,https://www.wikidata.org/wiki/Q31057,,,,
9005,Heard and McDonald Is.,Oceania,https://www.wikidata.org/wiki/Q131198,,,,
9006,Macquarie I.,Oceania,https://www.wikidata.org/wiki/Q46650,,,,
9007,Lord Howe I.,Oceania,https://www.wikidata.org/wiki/Q104784,,,,
9008,Ashmore and Cartier Is,Oceania,http://www.wikidata.org/entity/Q133888,,,,
9100,New Guinea,Oceania,https://www.wikidata.org/wiki/Q40285,,,,
9101,Republic of the Northern Solomons,Oceania,https://www.wikidata.org/wiki/Q4393602,,,,
9102,Bougainville,Oceania,https://www.wikidata.org/wiki/Q201766,,,,
9201,Tokelau Is.,Oceania,https://www.wikidata.org/wiki/Q36823,,,,
9202,Kermadec Is.,Oceania,https://www.wikidata.org/wiki/Q114935,,,,
9203,Chatham Is.,Oceania,https://www.wikidata.org/wiki/Q1427436,,,,
9204,Bounty Is.,Oceania,https://www.wikidata.org/wiki/Q41451,,,,
9205,Auckland Is.,Oceania,https://www.wikidata.org/wiki/Q326951,,,,
9206,Campbell I.,Oceania,https://www.wikidata.org/wiki/Q3593036,,,,
9251,Rarotonga,Oceania,https://www.wikidata.org/wiki/Q471793,,,,
9252,Northern Cook Is.,Oceania,https://www.wikidata.org/wiki/Q11832316,,,,
9253,Niue I.,Oceania,https://www.wikidata.org/wiki/Q34020,,,,
9301,Chesterfield Is.,Oceania,https://www.wikidata.org/wiki/Q1070802,,,,
9321,Wallis and Futuna Is.,Oceania,https://www.wikidata.org/wiki/Q35555,,,,
9322,Uvea,Oceania,https://www.wikidata.org/wiki/Q7903676,,,,
9323,Tua (Singave),Oceania,https://www.wikidata.org/wiki/Q2554877,,,,
9324,Alo,Oceania,https://www.wikidata.org/wiki/Q2734700,,,,
9351,Vemarana (Espiritu Santo),Oceania,https://www.wikidata.org/wiki/Q337524,,,,
9401,German Solomon Is.,Oceania,https://www.wikidata.org/wiki/Q2763281,,,,
9451,Ocean I.,Oceania,https://www.wikidata.org/wiki/Q271901,,,,
9452,Christmas Is.,Oceania,https://www.wikidata.org/wiki/Q31063,,,,
9453,Fanning I.,Oceania,https://www.wikidata.org/wiki/Q127335,,,,
9454,Washington I.,Oceania,https://www.wikidata.org/wiki/Q911037,,,,
9461,Canton and Enderbury Is.,Oceania,https://www.wikidata.org/wiki/Q2618621,,,,
9462,Malden I.,Oceania,https://www.wikidata.org/wiki/Q532590,,,,
9463,Starbuck I.,Oceania,https://www.wikidata.org/wiki/Q911028,,,,
9464,Vostok I.,Oceania,https://www.wikidata.org/wiki/Q976570,,,,
9465,Flint I.,Oceania,https://www.wikidata.org/wiki/Q741650,,,,
9466,Caroline I.,Oceania,https://www.wikidata.org/wiki/Q822151,,,,
9501,Rotuma I.,Oceania,https://www.wikidata.org/wiki/Q459763,,,,
9551,Vava'u,Oceania,https://www.wikidata.org/wiki/Q859666,,,,
9552,Tongatapu,Oceania,https://www.wikidata.org/wiki/Q620452,,,,
9553,Ha'apai,Oceania,https://www.wikidata.org/wiki/Q612098,,,,
9601,Society Is.,Oceania,https://www.wikidata.org/wiki/Q118920,,,,
9602,Marquesas Is.,Oceania,https://www.wikidata.org/wiki/Q172697,,,,
9603,Tuamotu Is.,Oceania,https://www.wikidata.org/wiki/Q183963,,,,
9604,Gambier Is.,Oceania,https://www.wikidata.org/wiki/Q504043,,,,
9605,Tubuai Is. (Austral Is.),Oceania,https://www.wikidata.org/wiki/Q514626,,,,
9606,Tahiti,Oceania,http://www.wikidata.org/entity/Q42000,,,,
9610,Clipperton I.,Oceania,https://www.wikidata.org/wiki/Q161258,,,,
9620,Pitcairn Is.,Oceania,https://www.wikidata.org/wiki/Q35672,,,,
9621,Ducie I.,Oceania,https://www.wikidata.org/wiki/Q1122663,,,,
9720,Wake I.,Oceania,https://www.wikidata.org/wiki/Q43296,,,,
9730,Midway Is.,Oceania,https://www.wikidata.org/wiki/Q47863,,,,
9740,Palmyra Is.,Oceania,https://www.wikidata.org/wiki/Q123076,,,,
9750,Johnston I.,Oceania,https://www.wikidata.org/wiki/Q131008,,,,
9760,Kingman Reef,Oceania,https://www.wikidata.org/wiki/Q130895,,,,
9770,Howland I.,Oceania,https://www.wikidata.org/wiki/Q131305,,,,
9771,Baker I.,Oceania,https://www.wikidata.org/wiki/Q46879,,,,
9772,Jarvis I.,Oceania,https://www.wikidata.org/wiki/Q62218,,,,
9810,Caroline Island,Oceania,https://www.wikidata.org/wiki/Q822151,,,,
9820,Mariana Is.,Oceania,https://www.wikidata.org/wiki/Q153732,,,,
9900,Samoa,Oceania,http://www.wikidata.org/entity/Q683,,,,
9960,Australian Antarctic Territory,Oceania,https://www.wikidata.org/wiki/Q178994,,,,
9970,French and Southern Antarctic Territories(F.S.A.T.),Oceania,https://www.wikidata.org/wiki/Q129003,,,,
9971,Adelie Land,Oceania,https://www.wikidata.org/wiki/Q184319,,,,
9972,St. Paul and New Amsterdam Is.,Oceania,https://www.wikidata.org/wiki/Q1681727,,,,
9973,Kerguelen Is.,Oceania,https://www.wikidata.org/wiki/Q46772,,,,
9974,Crozet Is.,Oceania,https://www.wikidata.org/wiki/Q201698,,,,
9980,British Antarctic Territory,Oceania,https://www.wikidata.org/wiki/Q165783,,,,
9981,Palmer Antarctic Territory,Oceania,https://www.wikidata.org/wiki/Q1333903,,,,
9982,South Orkney Is.,Oceania,https://www.wikidata.org/wiki/Q207383,,,,
9983,South Shetland Is.,Oceania,https://www.wikidata.org/wiki/Q140948,,,,
9984,South Sandwich Is.,Oceania,https://www.wikidata.org/wiki/Q118223,,,,
9985,Argentine Antarctica,Oceania,https://www.wikidata.org/wiki/Q646243,,,,
9986,Chilean Antarctica,Oceania,https://www.wikidata.org/wiki/Q3626,,,,
9987,Neu Schwabenland,Oceania,https://www.wikidata.org/wiki/Q252609,,,,
9991,Peter I I.,Oceania,https://www.wikidata.org/wiki/Q202780,,,,
9992,Queen Maud Land,Oceania,https://www.wikidata.org/wiki/Q189999,,,,
9993,Bouvet I.,Oceania,https://www.wikidata.org/wiki/Q23408,,,,
9994,Ross Dependency,Oceania,http://www.wikidata.org/entity/Q203073,,,,
